width,height,megapixels,exposure_L,contrast_L,clip_high_pct,clip_low_pct,cast,cast_a,cast_b,colorfulness,tilt_deg,tilt_signed_deg,n_vertical_lines,keystone,sharpness,noise_sigma,graphic_score,file,defects,listing_id,photo_id,badness,wm_score
1680,945,1.5876,68.79660034179688,21.183757781982425,3.316073947482639,0.2290513780381944,8.772761505736437,0.0878430977463722,8.772321701049805,9.47059440612793,3.10052490234375,3.10052490234375,68,-33.05900059472742,476.09353598344063,0.5989807122030543,0.0794898139105902,108444457_1461704633.jpg,"dominante,storta",108444457,1461704633,2.760206977996609,0.09433524310588837
1680,945,1.5876,68.38347625732422,19.187576293945312,1.6801622178819444,0.4876030815972222,9.663335174770284,-0.6927168965339661,9.638474464416504,13.58299160003662,2.698638916015625,2.698638916015625,56,-20.242010773749747,296.73371669815646,0.3458216754298273,0.0215861002604166,108444457_1461705495.jpg,"dominante,storta",108444457,1461705495,2.7149264043696544,0.25035393238067627
1680,945,1.5876,69.6254653930664,20.88902473449707,0.0227186414930555,0.7802327473958333,7.271753884927577,-3.1810460090637207,6.539063453674316,15.949334144592283,0.4250869750976562,0.4250869750976562,42,-14.72861789294119,222.471780257357,0.3458216754298366,0.008665296766493,108444457_1461705835.jpg,dominante,108444457,1461705835,0.8179384712318942,0.2660543918609619
1680,945,1.5876,71.09718322753906,19.91564178466797,0.1007080078125,0.0978257921006944,8.637620796095625,-0.7744953036308289,8.602828025817871,18.131181716918945,4.5113525390625,-4.5113525390625,56,-18.761562933389,235.5662874339241,0.2349830357063435,0.0248769124348958,108444457_1461706205.jpg,"dominante,storta",108444457,1461706205,3.6669735583989063,0.17412282526493073
1680,945,1.5876,67.72832489013672,21.48329162597656,1.3941446940104163,0.4216512044270833,8.640355021540413,-0.1086935251951217,8.639671325683594,10.658061981201172,0.439117431640625,0.439117431640625,82,-14.34180236274995,219.7420077042447,0.3954794338229744,0.0171949598524305,108444457_1461706487.jpg,dominante,108444457,1461706487,1.1600887553851034,0.20598429441452026
1680,945,1.5876,71.09718322753906,19.91564178466797,0.1007080078125,0.0978257921006944,8.637620796095625,-0.7744953036308289,8.602828025817871,18.131181716918945,4.5113525390625,-4.5113525390625,56,-18.761562933389,235.5662874339241,0.2349830357063435,0.0248769124348958,108444457_1461707439.jpg,"dominante,storta",108444457,1461707439,3.6669735583989063,0.17412282526493073
1680,945,1.5876,60.93370056152344,22.660783767700195,4.505750868055555,0.6461249457465278,5.270170891934792,0.1472760587930679,5.268112659454346,13.638235092163086,0.7098388671875,0.7098388671875,176,-22.028079731652255,893.0614980034227,1.3784164569118116,0.0572052001953125,108444457_1461708137.jpg,dominante,108444457,1461708137,0.317542722983698,0.18639403581619263
1680,945,1.5876,67.95597839355469,21.23993873596191,1.7452663845486112,0.636630588107639,3.68818008042113,-2.2177510261535645,-2.9469056129455566,13.57347297668457,1.40997314453125,1.40997314453125,194,1.527182791142741,787.893942810983,0.8339637479094051,0.0442267523871527,108444457_1461708199.jpg,storta,108444457,1461708199,0.4399820963541667,0.19756881892681122
1680,945,1.5876,66.33644104003906,23.593523025512695,0.4998101128472222,0.6913926866319444,4.036333899273848,-0.3865653574466705,4.017780303955078,14.774333953857422,1.3060226440429688,-1.3060226440429688,122,-18.48038681901142,550.6991543156198,1.0192890252225746,0.033659193250868,108444457_1461708283.jpg,"dominante,storta",108444457,1461708283,0.3797652375137745,0.20220611989498138
940,788,0.74072,57.42952346801758,24.274917602539062,1.8745902534965035,0.800485321969697,1.114067751098177,0.311368465423584,1.0696712732315063,20.41484260559082,2.3916778564453125,2.3916778564453125,23,32.12762642349535,326.3515213323306,0.6171567132699076,0.0171774839743589,108444457_1481407811.jpg,"storta,bassa_risoluzione",108444457,1481407811,1.094451904296875,0.05835600197315216
1575,1050,1.65375,50.37968444824219,26.212055206298828,0.038176015739385,1.5530632320644218,3.69848076044707,3.362274646759033,-1.5407365560531616,22.221460342407227,0.6229248046875,-0.6229248046875,3,0.0,1276.747432045646,2.6508645189076456,0.0023277360907759,112886759_1777535052.jpg,"buia,rumorosa",112886759,1777535052,0.2626079011142117,0.17607347667217255
700,1050,0.735,42.78826904296875,19.144289016723633,0.0069936116536458,0.8703867594401041,4.438782030883419,1.2706564664840698,4.253024578094482,30.797712326049805,1.3590850830078125,1.3590850830078125,16,-3.350530500851334,142.42437245541524,0.3639976764967141,0.0019130706787109,112886759_1777535066.jpg,"buia,dominante,storta,bassa_risoluzione",112886759,1777535066,1.436925325429188,0.07566370815038681
1560,1050,1.638,37.69700622558594,27.22328186035156,0.0045355587808417,5.787656476777939,7.743120384915316,-3.194577693939209,-7.053409576416016,14.356687545776367,2.382408142089844,-2.382408142089844,49,6.738805033445883,1971.5744135949892,1.550435977965637,1.4173621190130624e-05,112886759_1777535084.jpg,"buia,dominante,storta",112886759,1777535084,3.454351568396798,0.1503000557422638
1400,1050,1.47,54.238651275634766,22.22629737854004,0.0857035319010416,2.1241505940755205,5.91727797473293,-0.1181357204914093,-5.916098594665527,19.118539810180664,0.0,0.0,49,-1.480099625759696,1510.367369332349,1.586787980099395,0.000348409016927,112886759_1817426003.jpg,dominante,112886759,1817426003,0.4793194936832325,0.15836545825004578
1415,1050,1.48575,57.00183868408203,27.43368911743164,4.790424547697368,2.7311626233552633,4.069060368008967,2.293860912322998,3.3608710765838623,10.612804412841797,1.29095458984375,1.29095458984375,56,56.74291815418932,1713.5737768717404,0.7843059895162554,0.0877158717105263,112886759_1817426175.jpg,"dominante,storta",112886759,1817426175,0.3779014852314084,0.0992281585931778
1400,1050,1.47,58.71122360229492,24.86627769470215,1.6040802001953125,1.5200297037760415,2.2846681297504188,0.7322521209716797,2.1641430854797363,11.249585151672363,3.329833984375,-3.329833984375,99,55.68386140186116,3813.36041895207,1.2227903036026853,0.0432790120442708,112886759_1817426295.jpg,storta,112886759,1817426295,1.7198893229166667,0.11875022947788239
1400,1050,1.47,59.7170295715332,24.51279067993164,0.6556193033854167,1.181793212890625,4.194601848580668,0.1958683580160141,-4.19002628326416,10.066967964172363,2.6229171752929688,2.6229171752929688,20,73.8932476866253,1991.363272348029,0.5741518330064765,0.0201161702473958,112886759_1817426421.jpg,"dominante,storta",112886759,1817426421,1.2972619123404796,0.2725661098957062
1050,1050,1.1025,43.74448776245117,25.289337158203125,0.0626564025878906,0.469207763671875,2.001101718754226,-0.699123203754425,1.87500262260437,16.305503845214844,0.0081787109375,-0.0081787109375,7,-0.0820909894486105,1210.094814925701,0.7164722300562301,0.0006465911865234,112886759_1817426561.jpg,buia,112886759,1817426561,0.8255512237548828,0.2073073834180832
1400,1050,1.47,61.529388427734375,21.54958724975586,0.0029246012369791,0.5147298177083333,1.958396733781319,1.6576552391052246,1.0428311824798584,15.054354667663574,4.350395202636719,-4.350395202636719,142,20.26658640616527,1924.3688200035183,1.5207368539615624,0.0008214314778645,112886759_1817426831.jpg,storta,112886759,1817426831,2.400263468424479,0.1918777972459793
1680,932,1.56576,50.08298110961914,24.699968338012695,0.0288842429577464,0.2431090448943662,1.5724249394647447,0.0822542384266853,1.5702720880508425,12.930567741394045,0.00860595703125,-0.00860595703125,64,0.1510968531200957,1263.8945289948344,1.0059832689632222,0.0019032652948943,112886759_1817426951.jpg,buia,112886759,1817426951,0.1917018890380859,0.13953904807567596
456,450,0.2052,62.743675231933594,23.5714054107666,2.0078936387240356,0.0352567074678536,2.245883543916959,0.8267911076545715,-2.0881593227386475,7.568216323852539,1.256866455078125,1.256866455078125,38,23.015967885219016,30.633456761026704,0.2961639170366822,0.0486581200544015,113580603_1554188883.jpg,"storta,sfocata,bassa_risoluzione",113580603,1554188883,1.8273533573683047,0.12721721827983856
1577,1050,1.65585,50.09370803833008,23.118175506591797,0.6419251741202346,0.7809636180351907,2.1730296620050047,0.5869781970977783,2.0922510623931885,12.599989891052246,0.1433792114257812,0.1433792114257812,84,-0.1593568961286638,360.58555298811297,0.6419855924665024,0.0108982656708211,113580603_1554248523.jpg,buia,113580603,1554248523,0.1906291961669922,0.21450623869895935
1577,1050,1.65585,50.10649871826172,19.311195373535156,0.4136787481671554,1.3312465634164223,7.449287969535409,6.6061224937438965,3.442533493041992,36.07579803466797,0.217254638671875,-0.217254638671875,121,-0.6680011269018071,203.03751440460795,0.4814891943498832,0.010285408266129,113580603_1554248575.jpg,"buia,dominante",113580603,1554248575,1.0516721205576804,0.3709477186203003
1400,1050,1.47,70.05267333984375,14.243674278259276,0.0,0.0,11.628047724125496,2.2677464485168457,11.40477180480957,18.169885635375977,0.8035888671875,-0.8035888671875,25,-10.32139736064146,112.9577845119881,0.2531590367732268,2.5431315104166665e-06,113580603_1933061696.jpg,"dominante,storta,sfocata",113580603,1933061696,2.060108100623239,0.36077186465263367
787,1050,0.82635,40.76532745361328,26.60822868347168,5.331702392935578,0.984569454612006,5.171832624844021,3.5050032138824463,3.802999496459961,37.4392204284668,0.665313720703125,0.665313720703125,125,-5.794673294704598,41.65704496279482,0.2283301575766545,0.0460542871522694,113580603_1933064376.jpg,"buia,dominante,sfocata,bassa_risoluzione",113580603,1933064376,2.72214132813643,0.4269723892211914
1400,1050,1.47,42.36759567260742,23.585817337036133,1.7716725667317708,0.8597056070963541,3.9686389798189614,2.5271072387695312,3.0600366592407227,34.0811767578125,1.820960998535156,-1.820960998535156,153,-12.794614057681484,111.73085984457671,0.3706505546264025,0.0218594868977864,113580603_1933064536.jpg,"buia,storta,sfocata",113580603,1933064536,1.8150334343530832,0.36754682660102844
787,1050,0.82635,57.21677017211914,22.606407165527344,2.1481515373352855,0.0706327781844802,2.8000904190891887,-0.2843815684318542,2.785611867904663,9.42545223236084,0.897003173828125,-0.897003173828125,128,-24.761267512353083,118.63305817651587,0.4136554348898528,0.0164371339677891,113580603_1933066538.jpg,"storta,sfocata,bassa_risoluzione",113580603,1933066538,0.1207844796101518,0.28871825337409973
787,1050,0.82635,56.22476577758789,21.478776931762695,0.4119292185212299,0.0458255170204978,13.455606452946782,4.070717811584473,12.825077056884766,19.40513610839844,0.50164794921875,0.50164794921875,55,-2.193037943886368,22.33539882910656,0.160496398116627,0.002106829932284,113580603_1933069734.jpg,"dominante,sfocata,bassa_risoluzione",113580603,1933069734,3.99164496608492,0.6716911792755127
787,1050,0.82635,48.74002456665039,25.374143600463867,1.7409407027818449,5.097284498535871,10.79650262273818,0.5817317962646484,10.780818939208984,20.90963554382324,2.218231201171875,2.218231201171875,31,-4.522715579681165,30.740870633555268,0.1786723991835154,0.0193182078147877,113580603_1933070828.jpg,"buia,dominante,storta,sfocata,bassa_risoluzione",113580603,1933070828,4.4915961559081685,0.6378075480461121
1400,1050,1.47,53.91225051879883,23.009674072265625,0.0,0.0,7.533696586312164,-1.9562355279922483,7.27528190612793,25.00897216796875,1.9952316284179688,1.9952316284179688,51,-13.573087284591924,103.96679030645788,0.3773034327560881,0.0005111694335937,113580603_1933073946.jpg,"dominante,storta,sfocata",113580603,1933073946,1.980798727082389,0.3359645903110504
1400,1050,1.47,58.63496398925781,22.980880737304688,4.386138916015625,0.2726236979166666,4.94786047080005,4.31508207321167,2.421030759811402,21.080930709838867,0.196563720703125,-0.196563720703125,104,0.5293842670195628,423.1113788650837,0.6783375946002661,0.0814259847005208,117007091_1717522166.jpg,dominante,117007091,1717522166,0.2369651177000125,0.2372702658176422
1400,1050,1.47,59.736907958984375,21.29347801208496,2.8463999430338545,0.8946736653645834,5.081760652050853,2.4728810787200928,4.4394989013671875,26.37990379333496,0.3221435546875,-0.3221435546875,49,-1.4931404351197295,727.9748441273356,0.7619122327234374,0.0483970642089843,117007091_1717522224.jpg,dominante,117007091,1717522224,0.2704401630127133,0.25232458114624023
1401,1050,1.47105,62.86589050292969,19.683074951171875,0.529788339308996,0.0026737695567144,1.9006333171357035,-1.3424898386001587,1.3454099893569946,21.408281326293945,0.23077392578125,-0.23077392578125,136,-0.2880046511440914,148.59964510120597,0.3276456743629593,0.0153130602183833,117007091_1717522264.jpg,,117007091,1717522264,0.0,0.19429995119571686
1401,1050,1.47105,70.91460418701172,22.810760498046875,0.8492401401564537,0.2184851694915254,3.5057594592097905,1.5095349550247192,3.1641197204589844,11.46275520324707,0.11767578125,-0.11767578125,78,-0.1698074137000836,444.36407703829383,0.574151833006486,0.086765095338983,117007091_1717522310.jpg,,117007091,1717522310,0.0,0.15940459072589874
1400,1050,1.47,62.4517936706543,23.937740325927734,1.7325083414713542,1.91650390625,2.854539680255221,1.3700737953186035,2.5042552947998047,15.445660591125488,0.3824539184570312,0.3824539184570312,69,-0.8989983326203609,293.837600707775,0.5493229538098995,0.0365867614746093,117007091_1717522364.jpg,,117007091,1717522364,0.0,0.23217934370040894
1398,1050,1.4679,61.95306396484375,19.648771286010746,0.5497450016254877,3.3863479356306887,4.8894095485264755,2.3611409664154053,4.281511306762695,9.775933265686035,0.02716064453125,-0.02716064453125,44,9.035131396998828,360.0189127480193,0.5989807122030517,0.0100386561280884,117007091_1717522430.jpg,dominante,117007091,1717522430,0.2223523871316188,0.2446558177471161
1400,1050,1.47,66.47718048095703,19.366920471191406,0.5297342936197917,1.8314361572265625,1.276849159260989,0.7600460052490234,1.0259989500045776,18.851015090942383,0.538299560546875,-0.538299560546875,127,-12.122428851902278,356.7536738176455,0.648638470596224,0.0099093119303385,117007091_1717522482.jpg,,117007091,1717522482,0.0,0.16821716725826263
1400,1050,1.47,57.67976760864258,19.994945526123047,0.2278645833333333,1.209259033203125,1.6490263154926288,1.548188090324402,0.5678040385246277,15.341869354248049,0.2921600341796875,0.2921600341796875,107,-1.1633961046500132,792.426025328511,0.8157877468425299,0.0239651997884114,117007091_1717522534.jpg,,117007091,1717522534,0.0,0.20183253288269043
1400,1050,1.47,66.18606567382812,23.96983337402344,0.0701904296875,0.341796875,1.3566337949006602,-0.4451669752597809,1.28151535987854,18.258153915405273,1.1539230346679688,-1.1539230346679688,127,-1.5670138990826412,505.13567561790114,0.6419855924665094,0.0445531209309895,117007091_1717522602.jpg,storta,117007091,1717522602,0.2692820231119792,0.2312171459197998
1401,1050,1.47105,65.77684020996094,16.78782081604004,0.7202625896349413,0.2901676580834419,2.542439979128898,0.890626847743988,2.381340980529785,9.354222297668455,2.2762603759765625,2.2762603759765625,73,-3.246486944895704,223.22978589687668,0.4881420724795541,0.0144256233702737,117007091_1717522658.jpg,storta,117007091,1717522658,1.0175069173177085,0.234695702791214
590,1050,0.6195,49.082035064697266,20.860998153686523,3.9659585963227224,0.4239095945389681,2.8703514920585773,0.0974525064229965,2.868696689605713,6.2147674560546875,0.19189453125,0.19189453125,5,-1.889371789736206,43.944110284776855,0.3458216754298368,0.0397882220773874,118733913_1962609190.jpg,"buia,sfocata,bassa_risoluzione",118733913,1962609190,1.5593946554506593,0.07019082456827164
590,1050,0.6195,42.45524215698242,21.889915466308594,5.570050939901208,3.8699102977497257,3.5255560057345443,0.8328857421875,3.425762176513672,4.966756820678711,0.629302978515625,-0.629302978515625,9,-5.111826267296737,31.20468514510267,0.3209927962332545,0.0579243062225576,118733913_1962609200.jpg,"buia,sfocata,bassa_risoluzione",118733913,1962609200,2.434397698550047,0.08461817353963852
590,1050,0.6195,56.22499465942383,19.25016975402832,0.4562294182217343,0.0112020616081229,1.9878540748953464,0.5138942003250122,1.9202803373336792,4.861469745635986,2.1284942626953125,2.1284942626953125,6,91.20169469073564,95.6109229202062,0.4633131932829729,0.0090157836512074,118733913_1962609210.jpg,"storta,sfocata,bassa_risoluzione",118733913,1962609210,1.3254807931267718,0.06795118004083633
590,1050,0.6195,45.37882232666016,28.779857635498047,9.114136680159165,7.425466091520308,1.604489596955727,0.8958426117897034,1.331109642982483,4.728639602661133,0.748291015625,-0.748291015625,6,-4.12333478958131,34.14118027756681,0.2283301575766523,0.1071747864640505,118733913_1962609218.jpg,"buia,sovraesposta,sfocata,bassa_risoluzione",118733913,1962609218,2.404511764057121,0.08239057660102844
590,1050,0.6195,58.63029861450195,15.687423706054688,0.1879159234357848,0.0002679919045005,3.9712660491848175,1.3723500967025757,3.726608276367187,5.221427917480469,9.767684936523438,9.767684936523438,5,-13.146849064581804,45.883092368502055,0.3888265556932936,0.002955414722832,118733913_1962609228.jpg,"storta,sfocata,bassa_risoluzione",118733913,1962609228,7.247071751540592,0.08852341771125793
590,1050,0.6195,58.46852111816406,21.395872116088867,0.1911854246706915,0.4086340559824369,2.4820816124653415,1.2946902513504028,2.1176652908325195,4.828376770019531,9.067718505859377,-9.067718505859377,8,10.72517963168447,70.89940729808998,0.4136554348898585,0.0068857839942371,118733913_1962609234.jpg,"storta,sfocata,bassa_risoluzione",118733913,1962609234,6.363488882271417,0.07662392407655716
1577,1050,1.65585,78.55290985107422,8.892989158630371,1.905299211876833,0.0087346499266862,0.8664311619632028,0.3333802819252014,-0.7997252941131592,1.6165986061096191,0.21514892578125,-0.21514892578125,82,-2.658631561214853,125.699017411293,1.780724263294112e-14,0.0678940043071847,119234939_1669976089.jpg,,119234939,1669976089,0.0,0.10850783437490463
1577,1050,1.65585,78.00520324707031,8.338583946228027,2.6414440524193545,0.0091642228739002,1.2432425009331176,-0.0437721759080886,1.242471694946289,1.8168721199035645,0.0655670166015625,0.0655670166015625,67,0.9219338029039584,87.7371768367636,3.4360649116332233e-15,0.0512809865285923,119234939_1669978167.jpg,sfocata,119234939,1669978167,0.5377137193872734,0.08113568276166916
1577,1050,1.65585,78.54693603515625,10.157612800598145,5.542350164956011,0.0090210318914956,0.7226332965111583,0.3948365747928619,0.6052296757698059,2.034789562225342,0.03009033203125,-0.03009033203125,55,0.2949680100229764,96.89998603459478,2.178605376492901e-15,0.1040640464626099,119234939_1669978305.jpg,sfocata,119234939,1669978305,0.3850002327567537,0.05589362978935242
1577,1050,1.65585,79.06453704833984,8.996204376220703,3.347232404692082,0.0095937958211143,1.8454694719107925,0.2700811922550201,1.8255995512008667,2.3477518558502197,0.0,0.0,53,1.5250033661198026,98.3903102546123,2.178605376492901e-15,0.0653323176319648,119234939_1669978387.jpg,sfocata,119234939,1669978387,0.3601614957564616,0.05983271449804306
1577,1050,1.65585,56.237056732177734,21.7424259185791,1.33697420271261,0.1887257148093841,3.6325223353296208,-3.488032817840576,1.0143202543258667,10.19469928741455,0.137969970703125,-0.137969970703125,20,-0.0847426840614666,686.9808063783797,0.7594771103196728,0.0186534892778592,119234939_1669978687.jpg,,119234939,1669978687,0.0,0.055955640971660614
1577,1050,1.65585,74.97208404541016,15.16464138031006,1.5534789681085044,0.0103097507331378,8.361696838575567,5.409230709075928,6.376378059387207,12.940592765808104,0.0612945556640625,0.0612945556640625,62,0.2360000505974238,172.01025245900138,0.3458216754298401,0.031739713159824,119234939_1669978759.jpg,dominante,119234939,1669978759,1.0904242096438916,0.10171804577112198
1577,1050,1.65585,57.73105239868164,21.797191619873047,1.192351310483871,0.0104529417155425,4.003855559865748,-3.2260656356811523,2.3713624477386475,10.203795433044434,0.02362060546875,-0.02362060546875,25,0.081706949641197,715.8541914255801,0.8024819905831158,0.017181485978739,119234939_1669978799.jpg,dominante,119234939,1669978799,0.000963889966437,0.07147464156150818
1577,1050,1.65585,68.46653747558594,22.570262908935547,2.0016667430351904,0.1262944464809384,8.073662871249491,-0.9241474866867064,8.020597457885742,12.192139625549316,0.2036209106445312,0.2036209106445312,72,-0.4152121390549093,755.7218777344575,0.944802387632874,0.1702340313416422,119234939_1669978847.jpg,dominante,119234939,1669978847,1.0184157178123727,0.060643889009952545
1577,1050,1.65585,68.91719818115234,14.40535831451416,1.18805558101173,0.0100233687683284,6.9627363912200195,3.599547863006592,5.960113525390625,25.57743263244629,0.04620361328125,-0.04620361328125,100,0.2957306861535018,197.77400916502992,0.5014478287389657,0.0150293255131964,119234939_1669978895.jpg,dominante,119234939,1669978895,0.7406840978050049,0.09233179688453674
1577,1050,1.65585,70.63043212890625,11.124922752380373,1.3217959585777126,0.009736986803519,8.882168436951979,5.03307580947876,7.31854248046875,20.95617294311523,0.059051513671875,-0.059051513671875,56,-0.070030610146961,172.49759766814202,0.3639976764967081,0.0284219780975073,119234939_1669979153.jpg,dominante,119234939,1669979153,1.2205421092379949,0.08135909587144852
1400,1050,1.47,55.37211227416992,17.598865509033203,2.440897623697917,0.0761667887369791,12.78532521358616,0.6807891726493835,12.767187118530272,37.356075286865234,0.5005645751953125,0.5005645751953125,19,-0.2662879880021447,107.92170870521254,0.4384843140864281,0.0191294352213541,120275842_1698249968.jpg,"dominante,sfocata",120275842,1698249968,2.397636158309664,0.07644372433423996
1400,1050,1.47,42.697235107421875,19.250633239746097,0.3054300944010416,0.9747823079427084,9.205093913574414,4.547216415405273,8.003535270690918,45.61900329589844,1.0674972534179688,-1.0674972534179688,35,-0.776030174637938,38.259119587470195,0.4203083130195471,0.0039876302083333,120275842_1698249982.jpg,"buia,dominante,storta,sfocata",120275842,1698249982,3.805562810138892,0.08520437031984329
1400,1050,1.47,51.08140182495117,24.308359146118164,0.037384033203125,3.44696044921875,5.9726609842267635,2.2754874229431152,5.522212982177734,13.386874198913574,2.2425537109375,-2.2425537109375,23,3.285057641016272,1489.583820595244,2.401270748778807,0.0018323262532552,120275842_1874772695.jpg,"buia,dominante,storta",120275842,1874772695,1.5800608708532402,0.07495929300785065
1400,1050,1.47,46.54909133911133,22.493396759033203,0.0030517578125,1.5110015869140625,1.1692153396006404,0.94378662109375,0.6901676058769226,12.110455513000488,1.004974365234375,-1.004974365234375,67,0.2539708545848435,987.3023604800046,2.2287735725658973,5.8492024739583336e-05,120275842_1874772717.jpg,"buia,storta",120275842,1874772717,0.7150737762451171,0.08593859523534775
1400,1050,1.47,44.39752197265625,23.633514404296875,0.0223795572916666,2.24151611328125,4.078749868665401,0.2453809380531311,4.071362018585205,11.281725883483888,2.066741943359375,-2.066741943359375,23,34.98431172398755,1104.435597601651,1.7255431105047474,0.0055109659830729,120275842_1874772753.jpg,"buia,dominante,storta",120275842,1874772753,1.6577632321403086,0.05410893261432648
1400,1050,1.47,50.431392669677734,22.548261642456055,1.445897420247396,0.0506083170572916,7.498328906856039,2.5382943153381348,7.055635929107666,27.649200439453125,1.0657958984375,1.0657958984375,23,1.6714028467705222,131.1063829516303,0.5923278340733346,0.0180371602376302,120275842_1874772957.jpg,"buia,dominante,storta",120275842,1874772957,1.2419735587045695,0.11609151214361191
1400,1050,1.47,62.236324310302734,23.52227020263672,2.18505859375,1.999537150065104,12.987263529796024,1.7922332286834717,12.86300563812256,24.67547607421875,0.830322265625,0.830322265625,44,-1.3953485473005294,95.35241444468392,0.4881420724795713,0.022308349609375,120275842_1874772987.jpg,"dominante,storta,sfocata",120275842,1874772987,2.7111571521209408,0.08643023669719696
1400,1050,1.47,62.7137451171875,24.442249298095703,5.324427286783854,0.2744038899739583,7.218800367217369,2.3284926414489746,6.832949638366699,19.000518798828125,2.2271575927734375,2.2271575927734375,70,4.801463294645726,178.10374110012103,0.5989807122030576,0.0609728495279947,120275842_1874773013.jpg,"dominante,storta",120275842,1874773013,1.789471820319967,0.09191566705703735
1400,1050,1.47,64.29509735107422,19.37444496154785,1.45111083984375,0.1879374186197916,7.05580819559845,4.330851078033447,5.5702924728393555,18.647241592407227,0.4755096435546875,0.4755096435546875,18,3.270975123719639,176.16158999409527,0.5063180735464499,0.0155576070149739,120275842_1874773033.jpg,dominante,120275842,1874773033,0.7639520488996125,0.08413615077733994
1400,1050,1.47,54.793212890625,22.609848022460938,3.917821248372396,0.23193359375,5.352174324968287,2.298698902130127,4.833399772644043,31.48213768005371,0.24700927734375,0.24700927734375,50,2.704794319685646,204.40475461507677,0.7164722300562077,0.048657735188802,120275842_1874773059.jpg,dominante,120275842,1874773059,0.3380435812420717,0.06786289811134338
1400,1050,1.47,49.231231689453125,21.75613594055176,0.0593821207682291,1.539738972981771,7.476967923239781,4.711021900177002,5.806145191192627,21.743898391723633,3.958175659179687,3.958175659179687,8,31.31068672696179,409.1000148229456,0.3209927962332539,0.0043652852376302,121195810_1725982480.jpg,"buia,dominante,storta",121195810,1725982480,3.2849025846510913,0.07361122220754623
1400,1050,1.47,50.05044174194336,24.763032913208008,0.1023610432942708,2.313486735026042,10.359990164099028,3.85241961479187,9.61708164215088,19.638051986694336,9.498443603515623,9.498443603515623,23,2.4351810341862636,618.459374924753,0.5311469527430259,0.0092671712239583,121195810_1725986310.jpg,"buia,dominante,storta",121195810,1725986310,7.617249102507504,0.07133641093969345
1680,1050,1.764,53.64521026611328,19.284927368164062,0.011138916015625,1.23931884765625,1.7692269587195857,1.2462706565856934,1.255776047706604,13.398709297180176,0.5374908447265625,0.5374908447265625,69,6.4515620776865985,335.15804122155305,0.6916433508596622,0.0004547119140625,121195810_1725986336.jpg,,121195810,1725986336,0.0,0.08488966524600983
1680,1050,1.764,56.49396896362305,20.15752601623535,0.0,0.8000183105468749,8.431706664986644,3.512134075164795,7.665415287017822,15.517358779907228,0.13250732421875,0.13250732421875,34,1.0495612813358126,377.688969069065,0.6419855924665122,0.0016067504882812,121195810_1725986374.jpg,dominante,121195810,1725986374,1.107926666246661,0.06375490128993988
1680,1050,1.764,44.63214874267578,20.70635986328125,0.022430419921875,0.8320617675781249,2.631670788031241,-2.352564811706543,-1.1794617176055908,13.366765022277832,1.11480712890625,-1.11480712890625,77,4.974848867450801,295.4303550973325,0.7413011092527976,0.0011367797851562,121195810_1725986402.jpg,"buia,storta",121195810,1725986402,0.9799898783365883,0.11005628854036331
1680,1050,1.764,50.130523681640625,19.72509765625,0.154876708984375,1.042938232421875,1.325707204198813,-1.159232497215271,0.6431792974472046,12.334512710571287,0.311614990234375,-0.311614990234375,57,5.5416382987386275,248.2360823838948,0.6982962289893396,0.0073135375976562,121195810_1725986436.jpg,buia,121195810,1725986436,0.1869476318359375,0.09737242013216019
1680,1050,1.764,50.53146743774414,21.111366271972656,0.008087158203125,1.8568420410156252,4.202332261228166,1.9445146322250368,3.7253804206848145,15.0451078414917,0.1430206298828125,0.1430206298828125,74,-5.652438903728441,326.6505589368846,0.6916433508596469,0.0003082275390625,121195810_1725986474.jpg,"buia,dominante",121195810,1725986474,0.1974363215326275,0.07867737114429474
1680,1050,1.764,51.49212646484375,19.754337310791016,0.015106201171875,0.614166259765625,0.980149751114182,-0.016061820089817,0.980018138885498,16.21155548095703,2.0232162475585938,-2.0232162475585938,55,-13.64204796756064,239.92724296757711,0.6668144716630808,0.00029296875,121195810_1725986504.jpg,"buia,storta",121195810,1725986504,0.8995981852213542,0.09409818798303604
1680,1050,1.764,49.76844024658203,20.554014205932617,0.013885498046875,3.201446533203125,1.249881578173539,-1.185963153839111,-0.3945825099945068,14.53166961669922,1.335235595703125,1.335235595703125,57,-6.487039509949174,283.79365793451666,0.6486384705962048,0.000250244140625,121195810_1725986536.jpg,"buia,storta",121195810,1725986536,0.6133130391438801,0.06162058934569359
1680,1050,1.764,55.349021911621094,17.24703025817871,0.01068115234375,0.255279541015625,5.309214085725227,2.666055917739868,4.591285228729248,11.434313774108888,1.3393707275390625,-1.3393707275390625,80,6.613401641991442,277.4287070786557,0.6916433508596453,0.001715087890625,121195810_1725986570.jpg,"dominante,storta",121195810,1725986570,0.7202173397906817,0.08226430416107178
1154,865,0.99821,55.9093132019043,32.542991638183594,6.4370473225911455,4.820124308268229,3.4387749455837446,-0.0375628247857093,3.4385697841644287,9.4647798538208,9.9111328125,-9.9111328125,13,78.63186293162484,1156.601127790247,1.076904639908535,0.0439402262369791,121258006_1728231296.jpg,"sovraesposta,storta,bassa_risoluzione",121258006,1728231296,6.151126607259115,0.058091841638088226
1154,865,0.99821,65.38411712646484,26.836355209350582,9.888076782226562,0.6884256998697917,5.5819613058781705,0.0568116679787635,5.581672191619873,14.51270580291748,8.135665893554688,8.135665893554688,12,-28.93951184159656,1323.2413602302097,2.6659529084891935,0.0740013122558593,121258006_1728231304.jpg,"sovraesposta,dominante,storta,rumorosa,bassa_risoluzione",121258006,1728231304,5.81871053938812,0.08277495205402374
1154,865,0.99821,73.27478790283203,20.70244026184082,11.640294392903645,0.2864837646484375,1.0741208077666613,-0.1224689781665802,1.067116141319275,3.584806442260742,0.627471923828125,0.627471923828125,74,-4.408192828738749,316.5957786551815,0.413655434889863,0.17669677734375,121258006_1728231306.jpg,"sovraesposta,bassa_risoluzione",121258006,1728231306,0.5640294392903644,0.08461373299360275
1154,865,0.99821,78.81916046142578,20.599666595458984,28.663126627604168,0.2300262451171875,4.672083936821235,0.7904583215713501,4.604730606079102,4.281219482421875,0.5173263549804688,0.5173263549804688,55,-7.384922653227748,524.9794624541586,0.4318314359567185,0.3236656188964844,121258006_1728231310.jpg,"sovraesposta,dominante,bassa_risoluzione",121258006,1728231310,2.4343336469657255,0.06436982750892639
1154,865,0.99821,74.68738555908203,18.968250274658203,7.94665018717448,0.21514892578125,0.1184480405578187,-0.0733725652098655,-0.0929860472679138,3.5113747119903564,1.3764801025390625,1.3764801025390625,49,-6.351338618096535,268.68882387369456,0.4384843140864266,0.1557896931966146,121258006_1728231312.jpg,"sovraesposta,storta,bassa_risoluzione",121258006,1728231312,0.6123184204101563,0.06838704645633698
1154,865,0.99821,76.97005462646484,21.167417526245117,15.019734700520834,0.2950032552083333,1.4075512582679257,-0.2278358787298202,1.3889893293380735,3.182626485824585,0.1108245849609375,0.1108245849609375,41,-14.359141565571605,242.9633600065071,0.4136554348898634,0.2679634094238281,121258006_1728231316.jpg,"sovraesposta,bassa_risoluzione",121258006,1728231316,0.9019734700520834,0.07768739759922028
1154,865,0.99821,60.35429382324219,18.511383056640625,0.3815968831380208,0.2951304117838541,7.019645673974132,-0.3799916505813598,7.009353160858154,7.14907693862915,1.0511093139648438,-1.0511093139648438,55,-21.078356198287448,197.779635111174,0.5808047111361743,0.0315272013346354,121258006_1728231328.jpg,"dominante,storta,bassa_risoluzione",121258006,1728231328,0.9556509611367622,0.07499853521585464
1154,865,0.99821,65.95854949951172,18.35455894470215,3.2100677490234375,0.0578562418619791,6.942845619825068,-0.8216562867164612,6.894054412841797,7.7561936378479,0.644439697265625,-0.644439697265625,17,-8.76718732377436,178.0352577539096,0.296163917036687,0.0311317443847656,121258006_1728231336.jpg,"dominante,bassa_risoluzione",121258006,1728231336,0.735711404956267,0.08172225952148438
1400,1050,1.47,50.92628479003906,18.765047073364254,0.020599365234375,0.2580006917317708,6.546657944187205,1.0969377756118774,6.454103946685791,21.217618942260746,2.5406494140625,2.5406494140625,20,8.742208819824334,569.440772634614,0.919973508436324,0.0006764729817708,121258006_1792197629.jpg,"buia,dominante,storta",121258006,1792197629,1.9378022830845616,0.06078945845365524
1400,1050,1.47,51.73036575317383,20.942014694213867,0.0142415364583333,0.371551513671875,5.440896892855027,-0.6993836760520935,5.395759582519531,20.32525062561035,0.15399169921875,-0.15399169921875,3,0.0,886.9506686403943,1.6249226155553438,0.0014216105143229,121258006_1792197659.jpg,"buia,dominante",121258006,1792197659,0.3871876478963739,0.052179135382175446
1400,1050,1.47,62.0024528503418,25.994943618774418,4.937235514322916,0.1617431640625,9.6328035148879,1.2585963010787964,9.550227165222168,10.777889251708984,0.590240478515625,0.590240478515625,101,-13.034381910405934,181.6724877549374,0.3458216754298303,0.0316123962402343,121280174_1728835766.jpg,dominante,121280174,1728835766,1.408200878721975,0.16080798208713531
1399,1050,1.46895,64.87992858886719,26.1871337890625,4.889289052340702,1.248450707087126,3.8560033196136216,-0.6933116316795349,3.7931623458862305,6.316019535064697,0.237884521484375,0.237884521484375,19,3.334453427180341,2473.7556466411684,2.0864531755161493,0.1329864779746424,121280174_1728836654.jpg,,121280174,1728836654,0.0,0.1683352142572403
1400,1050,1.47,49.631072998046875,25.31399154663086,0.0066121419270833,2.485911051432292,5.604346148097804,-0.5557474493980408,5.576723098754883,9.366268157958984,0.121337890625,0.121337890625,184,3.8404720133966266,2994.670484380176,3.182011471650682,0.0051282246907552,121280174_1728836938.jpg,"buia,dominante,rumorosa",121280174,1728836938,1.0926535516535516,0.16609278321266174
1400,1050,1.47,56.042816162109375,26.76175117492676,3.774388631184896,1.7168680826822915,3.614846771414867,-0.0014811482978984,3.6148464679718018,8.516021728515625,0.0767059326171875,-0.0767059326171875,116,5.898910479918992,2591.269421120944,2.3892699706825407,0.0259666442871093,121280174_1728837226.jpg,,121280174,1728837226,0.0,0.10082979500293732
1400,1050,1.47,50.54567337036133,21.56930351257324,0.116729736328125,1.347478230794271,8.406502231217218,1.1026819944381714,8.333868980407715,14.04132080078125,8.943374633789062,8.943374633789062,66,-18.791134102690393,198.30761460701217,0.388826555693284,0.0005022684733072,121280174_1760811900.jpg,"buia,dominante,storta",121280174,1760811900,6.709307976627547,0.22266991436481476
1400,1050,1.47,52.16953659057617,20.50973320007324,1.4493306477864585,0.5318959554036458,10.048513049142311,0.8330925703048706,10.01391887664795,22.781457901000977,0.87774658203125,-0.87774658203125,73,-7.013139085727875,122.04975969536947,0.34582167542983,0.0155652364095052,121280174_1996100740.jpg,"dominante,storta",121280174,1996100740,1.597292650306411,0.30755889415740967
1400,1050,1.47,59.229583740234375,22.334720611572266,0.1352945963541666,0.5747477213541667,9.423251722899357,0.5439119338989258,9.407541275024414,19.50751304626465,1.2058563232421875,1.2058563232421875,116,-10.568221521141684,370.9748841611808,0.4814891943498776,0.0002454121907552,121280174_1996101082.jpg,"dominante,storta",121280174,1996101082,1.6597171462196303,0.21912427246570587
1400,1050,1.47,61.98432540893555,21.33686065673828,0.8488972981770834,1.2425740559895837,10.482828148736536,0.8782855868339539,10.44597053527832,17.984376907348633,1.9356689453125,-1.9356689453125,96,-5.408379241156203,264.11439188129344,0.4136554348898464,0.0099995930989583,121280174_1996101238.jpg,"dominante,storta",121280174,1996101238,2.411153000725801,0.27418991923332214
1400,1050,1.47,50.943359375,20.87938690185547,0.9784698486328124,0.6025950113932292,7.985036912165804,1.6518681049346924,7.812307357788086,15.392127990722656,0.7845001220703125,0.7845001220703125,75,-1.8177460271718249,167.04804836120456,0.302816795166372,0.0107510884602864,121280174_1996101414.jpg,"buia,dominante,storta",121280174,1996101414,1.1249233719216594,0.49234941601753235
787,1050,0.82635,41.80852508544922,22.508068084716797,0.1613544335651537,6.196524981698389,4.92453817930467,1.77730393409729,4.592631816864014,18.27233505249023,0.359130859375,-0.359130859375,32,0.9014952047994216,86.52834604913983,0.3209927962332493,0.0026179881954612,121971330_1750691864.jpg,"buia,dominante,sfocata,bassa_risoluzione",121971330,1750691864,1.8081429354622487,0.29627376794815063
787,1050,0.82635,65.14279174804688,21.26987075805664,0.0564061356149341,0.5418277589677891,2.549106971708832,-1.3878899812698364,2.138155221939087,19.58916282653809,0.9096527099609376,0.9096527099609376,14,36.168438314322856,417.44117674966515,0.4633131932829824,0.0005218818631039,121971330_1750691874.jpg,"storta,bassa_risoluzione",121971330,1750691874,0.1064351399739583,0.18349860608577728
787,1050,0.82635,44.94804382324219,23.84779357910156,0.016514343887262,3.3769331076134703,8.37119739394032,2.5922183990478516,7.959733009338379,23.027877807617188,2.105255126953125,2.105255126953125,14,-2.9975698273392917,365.0306977433516,0.2101541565097725,0.0002495024249633,121971330_1953150622.jpg,"buia,dominante,storta,bassa_risoluzione",121971330,1953150622,2.7014983841296116,0.21757669746875763
787,1050,0.82635,48.862762451171875,22.96466827392578,0.6654351207906296,1.550918512079063,2.241704272294476,-0.5004004836082458,2.1851401329040527,9.582979202270508,1.79351806640625,-1.79351806640625,90,-13.079274188607917,50.73080395149663,0.1604963981166193,0.0127896801793557,121971330_1953150650.jpg,"buia,storta,sfocata,bassa_risoluzione",121971330,1953150650,2.163889066628702,0.393930584192276
1400,1050,1.47,76.4412841796875,17.668882369995117,1.746368408203125,0.0446319580078125,3.845491744806379,-3.6342663764953618,-1.2569465637207031,8.043694496154785,9.3870849609375,-9.3870849609375,20,6.439299761149849,154.1981684366862,1.461958660216262e-31,0.0275382995605468,121971330_1953158612.jpg,storta,121971330,1953158612,5.758056640625,0.20932641625404358
1400,1050,1.47,74.8387680053711,18.24483299255371,1.149876912434896,0.0339508056640625,4.260094085533863,-3.825701951980591,-1.8741414546966553,7.587473392486572,0.68572998046875,-0.68572998046875,21,27.122564625780655,146.80626932779947,1.461958660216262e-31,0.0174916585286458,121971330_1953158644.jpg,dominante,121971330,1953158644,0.0650235213834657,0.2135767787694931
1400,1050,1.47,77.43224334716797,17.39263343811035,1.6443888346354167,0.0344594319661458,4.161453064984581,-3.7751288414001465,-1.7510265111923218,7.577718257904053,0.42877197265625,-0.42877197265625,8,-118.61305650826444,163.07963700054418,1.461958660216262e-31,0.0299936930338541,121971330_1953158676.jpg,dominante,121971330,1953158676,0.0403632662461452,0.20528116822242737
1581,1050,1.66005,55.604637145996094,10.928189277648926,0.1018210018382353,0.0053136488970588,4.816503296884696,0.8647891283035278,4.738232135772705,5.581470966339111,0.6406707763671875,-0.6406707763671875,115,2.5363019235847974,56.208296372890466,0.3458216754298268,0.0012020335477941,121971330_1953164000.jpg,"dominante,sfocata",121971330,1953164000,1.2673208846729995,0.3925040662288666
787,1050,0.82635,44.64805603027344,19.05399703979492,0.4783440474011712,1.3275816709370425,9.84432801651053,5.809732437133789,7.947188377380371,24.719511032104492,0.08514404296875,0.08514404296875,21,-22.063047752138708,39.51802774393301,0.3458216754298041,0.0050000571925329,121971330_2002608228.jpg,"buia,dominante,sfocata,bassa_risoluzione",121971330,2002608228,3.537642605368072,0.08812131732702255
787,1050,0.82635,60.4255485534668,16.33871841430664,0.0089363332723279,0.648634814238653,3.848970127361941,-0.9428834915161132,3.731694221496582,5.483072757720947,6.07415771484375,6.07415771484375,18,-22.162533563410637,238.6143071409733,0.3555621650448238,0.0007899718612737,121971330_2002623520.jpg,"storta,bassa_risoluzione",121971330,2002623520,3.5494384765625,0.05783608555793762
1133,850,0.96305,74.0360107421875,19.669605255126953,5.951563517252604,0.0005086263020833,0.901605917153818,-0.8822577595710754,-0.185780718922615,9.4662504196167,2.1690826416015625,2.1690826416015625,54,-9.138321007449068,283.44833008859615,0.3458216754298275,0.0866813659667968,122075428_1753752798.jpg,"storta,bassa_risoluzione",122075428,1753752798,0.9460550944010416,0.060217082500457764
1133,850,0.96305,65.06983184814453,22.98832130432129,4.291661580403646,0.0036875406901041,3.4594186447989697,1.3508347272872925,3.1847798824310303,9.777737617492676,2.0276031494140625,2.0276031494140625,75,-10.536975578659307,241.1967165888685,0.3458216754298361,0.0452435811360677,122075428_1753752830.jpg,"storta,bassa_risoluzione",122075428,1753752830,0.8517354329427084,0.07140014320611954
1133,850,0.96305,67.75688934326172,31.148326873779297,24.93158976236979,0.0094095865885416,3.3467104459702948,-0.0664234012365341,3.3460512161254883,7.401903629302979,0.18994140625,-0.18994140625,46,2.8804558946516146,663.9764237023514,0.5559758319396283,0.3017450968424479,122075428_1759778626.jpg,"sovraesposta,bassa_risoluzione",122075428,1759778626,1.893158976236979,0.05312182754278183
1133,850,0.96305,66.20523071289062,28.239274978637695,15.633519490559896,0.000762939453125,1.2309340966786757,0.2926842272281647,1.195631504058838,6.388279438018799,0.002685546875,-0.002685546875,31,0.6881069848329407,499.98769940350354,0.4881420724795759,0.2067960103352864,122075428_1759778894.jpg,"sovraesposta,bassa_risoluzione",122075428,1759778894,0.9633519490559896,0.07570521533489227
1133,850,0.96305,73.93183898925781,21.907440185546875,19.096755981445312,0.000762939453125,0.6670900482001895,-0.0256367418915033,0.6665972471237183,7.138084888458252,3.321044921875,-3.321044921875,36,-0.0276946367159147,610.9896245800564,0.4136554348898477,0.2185961405436197,122075428_1759779052.jpg,"sovraesposta,storta,bassa_risoluzione",122075428,1759779052,3.0237055460611977,0.0822194516658783
1133,850,0.96305,67.60181427001953,16.3372802734375,4.93621826171875,0.0244140625,4.864128777609431,2.0984671115875244,4.388186931610107,10.786421775817873,0.092376708984375,-0.092376708984375,108,-0.3041832681129394,506.33495124015536,0.4136554348898462,0.0568428039550781,122075428_1945198666.jpg,"dominante,bassa_risoluzione",122075428,1945198666,0.2160321944023577,0.07835262268781662
1133,850,0.96305,68.2538833618164,22.149356842041016,22.72669474283854,0.1328786214192708,8.227405973200582,3.2392261028289795,7.562911033630371,10.088245391845703,0.0214767456054687,0.0214767456054687,78,0.0968957103412229,275.7347889466118,0.1290146407903577,0.2336107889811197,122075428_1945198736.jpg,"sovraesposta,dominante,bassa_risoluzione",122075428,1945198736,2.7295209675839995,0.0634034126996994
1680,1050,1.764,56.44530487060547,22.235504150390625,0.406951904296875,1.8243408203125,9.872022386801586,0.491102933883667,9.8597993850708,12.49336051940918,1.75030517578125,1.75030517578125,81,-18.3523772125321,618.435789482703,1.5983111030366002,0.00648193359375,122116780_1754762174.jpg,"dominante,storta",122116780,1754762174,2.1348757138878964,0.08030138909816742
1680,1050,1.764,57.797515869140625,19.109033584594727,0.024871826171875,0.986328125,8.913367343605962,3.916064977645874,8.007031440734863,21.32360076904297,5.3758392333984375,5.3758392333984375,86,13.348163084464495,558.6334067199729,0.895144629239728,0.0008895874023437,122116780_1754762256.jpg,"dominante,storta",122116780,1754762256,4.312234658167116,0.11439251899719238
1680,1050,1.764,53.92546463012695,23.2050838470459,0.0006103515625,1.9143676757812496,8.996988054184994,3.1654586791992188,8.421737670898438,18.20870590209961,0.7862091064453125,0.7862091064453125,100,19.24463443305934,793.4009233758576,1.58013510196969,3.662109375e-05,122116780_1754762272.jpg,"dominante,storta",122116780,1754762272,1.2733864178431236,0.07943054288625717
1680,1050,1.764,52.791236877441406,21.76525115966797,0.2777099609375,1.147003173828125,8.205537619375354,0.9093173742294312,8.154997825622559,11.373291969299316,1.918609619140625,-1.918609619140625,29,-5.283718156249233,457.89109318282226,1.7472843782160212,0.00504150390625,122116780_1754762288.jpg,"dominante,storta",122116780,1754762288,1.830457484270922,0.06026383116841316
1680,1050,1.764,55.12592697143555,23.725915908813477,0.03173828125,0.2230834960937499,10.304615348898077,0.8991130590438843,10.265315055847168,17.27945899963379,0.2299118041992187,0.2299118041992187,24,-33.4106731790923,395.6550597929955,1.8350767720651204,0.005194091796875,122116780_1754762308.jpg,dominante,122116780,1754762308,1.5761538372245187,0.07387366145849228
1680,1050,1.764,60.21581268310547,20.20816421508789,0.01129150390625,0.620269775390625,8.989827964823876,2.834476947784424,8.531280517578125,10.441424369812012,1.4705047607421875,1.4705047607421875,76,-15.87467553951549,587.292640590088,0.598980712203062,0.0046768188476562,122116780_1754762326.jpg,"dominante,storta",122116780,1754762326,1.7277934983674272,0.05925268307328224
1680,1050,1.764,59.6666259765625,22.247270584106445,0.00030517578125,0.275726318359375,10.746786726590532,1.2610551118850708,10.672542572021484,14.226361274719238,6.8369140625,6.8369140625,59,-22.947971775772924,367.9931243142113,1.543783099835951,0.0004119873046875,122116780_1754762348.jpg,"dominante,storta",122116780,1754762348,5.744639389980966,0.0754752978682518
1680,1050,1.764,56.56709671020508,18.333993911743164,0.600738525390625,0.4412841796875,11.006026550551342,1.1001094579696655,10.950907707214355,13.5027494430542,5.8431549072265625,5.8431549072265625,83,-21.418020938129633,484.130962688094,1.4826022185055974,0.017254638671875,122116780_1754762370.jpg,"dominante,storta",122116780,1754762370,5.146943242455544,0.08624386042356491
1680,1050,1.764,59.961875915527344,18.247270584106445,0.4545593261718749,0.56549072265625,10.991082023106562,2.3496267795562744,10.736998558044434,14.823206901550291,2.10107421875,2.10107421875,55,-19.334013790253145,196.1467820161581,0.8539223822984819,0.00498046875,122116780_1754762384.jpg,"dominante,storta",122116780,1754762384,2.648486651609974,0.09007322043180466
1680,1050,1.764,55.722389221191406,23.930397033691406,0.0,2.2265625,4.537943389520738,0.4389735758304596,4.516661643981934,7.935585021972656,1.1817626953125,-1.1817626953125,49,-27.331572720099977,976.9235905717104,2.3032602101556203,0.0006881713867187,122116780_1754762518.jpg,"dominante,storta",122116780,1754762518,0.4223276442551844,0.048289284110069275
1400,1050,1.47,85.13296508789062,14.627739906311035,7.261149088541667,0.0680287679036458,6.326617021824819,3.0523316860198975,5.54160213470459,10.634461402893066,0.7626800537109375,0.7626800537109375,57,-0.8497883239657509,79.87230809471254,0.2101541565097671,0.2167561848958333,122133628_1985839588.jpg,"sovraesposta,dominante,storta,sfocata",122133628,1985839588,1.3850173985391208,0.23752932250499725
1400,1050,1.47,85.33453369140625,14.032328605651855,8.399709065755207,0.0967661539713541,6.305635070105098,2.9239377975463867,5.58673620223999,9.21929931640625,0.7812652587890625,0.7812652587890625,84,-4.145427670694734,134.07181546081685,0.2598119149028853,0.2224680582682291,122133628_1985839590.jpg,"sovraesposta,dominante,storta",122133628,1985839590,0.8372231799611702,0.2054978907108307
1400,1050,1.47,86.48321533203125,13.879480361938477,10.449600219726562,0.0687917073567708,5.797492744489216,3.673893928527832,4.484799385070801,11.75168514251709,3.6264801025390625,3.6264801025390625,52,-6.680808487234151,96.85597732846831,0.2101541565097957,0.3429654439290364,122133628_1985839592.jpg,"sovraesposta,dominante,storta,sfocata",122133628,1985839592,3.197720320979863,0.2576083540916443
787,1050,0.82635,84.43181610107422,15.144176483154297,9.358557146778915,0.0206608025256222,6.950193796774229,3.301180601119995,6.116158962249756,12.703967094421388,0.8572463989257812,0.8572463989257812,29,-1.0550173975212895,59.18334566779568,0.1604963981166362,0.2303972593338213,122133628_1985839594.jpg,"sovraesposta,dominante,storta,sfocata,bassa_risoluzione",122133628,1985839594,2.1585126686920417,0.5046113729476929
1400,1050,1.47,76.87529754638672,17.280351638793945,2.295176188151042,0.0142415364583333,7.193064164883287,4.321178436279297,5.7504425048828125,25.618738174438477,7.306747436523437,7.306747436523437,24,-26.52470774150483,96.5296198501148,0.4384843140864172,0.1890385945638021,122133628_1985839596.jpg,"dominante,storta,sfocata",122133628,1985839596,5.5606040014012,0.24117033183574677
1397,1050,1.46685,85.09151458740234,16.542823791503906,6.2331321022727275,0.0,5.245584440886057,2.436744928359986,4.645258903503418,12.38298225402832,0.6155929565429688,-0.6155929565429688,30,-1.71170214692766,116.26104273737532,0.1174915178531914,0.2955927861201298,122133628_1985839602.jpg,"sovraesposta,dominante,sfocata",122133628,1985839602,0.3970252748258648,0.18932238221168518
1400,1050,1.47,84.65079498291016,14.210113525390623,5.240376790364584,0.0209808349609375,7.445530158108394,3.498713970184326,6.57228422164917,12.337565422058104,0.77703857421875,0.77703857421875,51,-7.542698241771434,102.1877835549579,0.1604963981166244,0.1983871459960937,122133628_1985839606.jpg,"dominante,storta,sfocata",122133628,1985839606,1.176278529756967,0.1796528398990631
1400,1050,1.47,82.16159057617188,14.80189609527588,1.091130574544271,0.0120798746744791,3.5151120813589287,2.336298942565918,2.626351118087769,19.869260787963867,1.436126708984375,-1.436126708984375,12,-30.466938858322084,141.35477792190795,0.4384843140864212,0.2685686747233073,122133628_1985839610.jpg,storta,122133628,1985839610,0.4574178059895833,0.25499776005744934
1400,1050,1.47,74.90924835205078,24.96642303466797,0.0169118245442708,0.1024881998697916,5.57040103303832,2.293609857559204,5.076290130615234,17.131776809692383,0.6768798828125,0.6768798828125,61,-5.000794132841096,232.42314934479592,0.0926626386565905,0.3391825358072917,122133628_1985840190.jpg,dominante,122133628,1985840190,0.39260025825958,0.19528739154338837
787,1050,0.82635,73.671875,27.4432430267334,0.2051067212664714,0.8157799917642752,6.495968898314043,2.2621278762817383,6.089366912841797,13.213879585266112,0.4981689453125,0.4981689453125,33,-2.464323569386217,144.46260890759854,0.1174915178531749,0.3066341908400439,122133628_1985840192.jpg,"dominante,bassa_risoluzione",122133628,1985840192,0.6239922245785108,0.24915756285190582
1154,769,0.887426,74.76005554199219,18.189172744750977,1.358309659090909,0.0020046737536656,2.380872612441069,2.380449056625366,0.04490752145648,18.72004508972168,0.0048828125,-0.0048828125,34,-1.8033497611709683,628.3178719274041,0.4717487047348854,0.0958119501466275,122282064_1758841902.jpg,bassa_risoluzione,122282064,1758841902,0.0,0.06375037878751755
1154,769,0.887426,69.73918914794922,14.583206176757812,0.189728051686217,0.0025774376832844,0.6600955524991249,0.5023574233055115,-0.4282092452049255,11.203216552734377,0.02825927734375,-0.02825927734375,120,1.058820603116156,842.492131171038,0.5081007068686678,0.0051677625549853,122282064_1758841906.jpg,bassa_risoluzione,122282064,1758841906,0.0,0.08242983371019363
1154,769,0.887426,65.03753662109375,17.147022247314453,0.3329190340909091,0.0516919446480938,5.499633820937297,1.7990726232528689,5.197048187255859,24.86873435974121,0.0203857421875,-0.0203857421875,132,-1.7987158550891025,754.1782955862094,0.5559758319396039,0.0128213205645161,122282064_1758841908.jpg,"dominante,bassa_risoluzione",122282064,1758841908,0.3749084552343242,0.06764238327741623
1154,769,0.887426,71.06908416748047,15.502161026000977,0.0763207936217008,0.046966642228739,7.794850117627495,2.3312015533447266,7.438090324401856,20.665971755981445,0.0194091796875,-0.0194091796875,128,0.1408734862780387,690.8746858971048,0.3591274316892081,0.0044775820197947,122282064_1758841910.jpg,"dominante,bassa_risoluzione",122282064,1758841910,0.9487125294068736,0.0841577872633934
1154,769,0.887426,65.00794219970703,13.57835292816162,0.0796141862170088,0.0137463343108504,8.848829950518109,1.9792799949645996,8.624629974365234,20.973491668701172,0.1875686645507812,0.1875686645507812,108,0.258750179256196,681.2510962612098,0.5244940746133397,0.0051505796370967,122282064_1758841912.jpg,"dominante,bassa_risoluzione",122282064,1758841912,1.2122074876295272,0.08568636327981949
1154,769,0.887426,83.00509643554688,12.011554718017578,0.0579923478739003,0.0,8.95461772149958,2.1283621788024902,8.698002815246582,21.197460174560547,0.04266357421875,-0.04266357421875,62,0.1580588967764142,508.4214567415861,0.1853252773132092,0.0447228395344574,122282064_1758841914.jpg,"dominante,bassa_risoluzione",122282064,1758841914,1.2386544303748952,0.07225529104471207
1154,769,0.887426,65.1910400390625,17.98773956298828,0.6214488636363636,0.0546989552785923,3.0372107821658987,3.0204789638519287,0.3183648288249969,23.722381591796875,0.0682220458984375,0.0682220458984375,34,-0.7301378639139539,749.5919685593083,0.6668144716630883,0.0178874175219941,122282064_1758841916.jpg,bassa_risoluzione,122282064,1758841916,0.0,0.07124233990907669
1154,769,0.887426,68.43891143798828,17.391357421875,0.5160603005865102,0.0625744593108504,4.603197257994994,3.1123526096343994,-3.3915610313415527,20.29855155944824,4.461090087890625,-4.461090087890625,27,-13.922413327721246,921.4126957709092,0.7346482311231246,0.0109512463343108,122282064_1758841918.jpg,"dominante,storta,bassa_risoluzione",122282064,1758841918,2.6248593730924985,0.052687954157590866
1154,769,0.887426,58.76497268676758,16.17569351196289,0.4721006689882697,0.0,3.962262949482033,3.819492101669311,1.054043531417847,17.88542366027832,0.5976104736328125,0.5976104736328125,51,2.9876844511836063,767.7967033263352,0.7413011092527975,0.0058636707294721,122282064_1758841920.jpg,bassa_risoluzione,122282064,1758841920,0.0,0.05577952042222023
1154,769,0.887426,80.19947052001953,14.968305587768556,2.129965863269794,0.0008591458944281,2.2365840700426283,1.1208566427230835,1.9354556798934937,17.915666580200195,0.4064483642578125,0.4064483642578125,30,0.1542267622768345,806.9638129654116,0.4136554348898616,0.0633691692631964,122282064_1758841922.jpg,bassa_risoluzione,122282064,1758841922,0.0,0.08161021769046783
1154,865,0.99821,53.373409271240234,23.924365997314453,0.4881540934244792,0.922520955403646,9.87611935710551,2.823117256164551,9.46402359008789,17.601083755493164,0.633544921875,-0.633544921875,101,2.991691315891976,504.973999535639,0.8339637479094019,0.0066668192545572,122526176_1844131537.jpg,"dominante,bassa_risoluzione",122526176,1844131537,1.4690298392763776,0.059573497623205185
1154,865,0.99821,53.9809455871582,24.644704818725582,0.3393809000651041,0.2872467041015625,11.334099013186323,2.3230321407318115,11.093481063842772,21.977880477905273,0.55224609375,0.55224609375,104,-1.5900188051421087,930.4925892499336,0.8769686281728539,0.0078086853027343,122526176_1844131555.jpg,"dominante,bassa_risoluzione",122526176,1844131555,1.8335247532965813,0.0812932550907135
1154,865,0.99821,69.69808959960938,22.045454025268555,2.5282541910807295,0.6746927897135417,6.2582979010642745,-0.5590053796768188,6.233282089233398,11.663973808288574,0.2468109130859375,0.2468109130859375,76,1.818068674174028,404.0301691554487,0.4633131932830006,0.0464057922363281,122526176_1844131585.jpg,"dominante,bassa_risoluzione",122526176,1844131585,0.5645744752660686,0.1265483945608139
1154,865,0.99821,68.955810546875,23.595460891723633,0.1229604085286458,1.5042622884114585,6.375150699350812,1.589576005935669,6.17379903793335,10.503716468811035,0.251220703125,-0.251220703125,67,-0.1769412251739489,206.65011856976423,0.3706505546263834,0.0132369995117187,122526176_1844131603.jpg,"dominante,bassa_risoluzione",122526176,1844131603,0.5937876748377029,0.09528613090515137
1154,865,0.99821,60.91544723510742,22.139394760131836,1.8726348876953125,1.1110941569010415,8.155730028560985,1.6500966548919678,7.987059116363525,19.002174377441406,0.9759445190429688,0.9759445190429688,87,3.2290449758702513,351.1255159282785,0.4633131932830012,0.0232429504394531,122526176_1844131617.jpg,"dominante,storta,bassa_risoluzione",122526176,1844131617,1.1895621865022254,0.12767620384693146
1154,851,0.982054,58.53677749633789,21.006322860717773,0.183671357615894,0.7427048841059603,10.597009356714876,3.71762490272522,9.923501014709473,16.106287002563477,1.5269012451171875,1.5269012451171875,97,6.176822243731802,547.1671197841897,0.8321811145871901,0.0028585471854304,122526176_1934579098.jpg,"dominante,storta,bassa_risoluzione",122526176,1934579098,2.1671865025901775,0.07066943496465683
1154,865,0.99821,52.183197021484375,23.24809455871582,0.1447041829427083,2.5360107421875,9.14421380683728,3.4141132831573486,8.482952117919922,16.18894386291504,1.87542724609375,1.87542724609375,94,4.207845140027166,636.2061925681757,0.7346482311231133,0.0042394002278645,122526176_1934579100.jpg,"dominante,storta,bassa_risoluzione",122526176,1934579100,2.0363382824384866,0.08499936014413834
1154,865,0.99821,55.1210823059082,24.1207275390625,0.3744761149088541,0.9905497233072916,9.907651931724224,3.354154348373413,9.32261848449707,14.30456256866455,1.409088134765625,1.409088134765625,78,1.0272701971779814,750.82081130368,0.7843059895162584,0.0070139567057291,122526176_1934579104.jpg,"dominante,storta,bassa_risoluzione",122526176,1934579104,1.9163050727748057,0.07445234060287476
1154,865,0.99821,51.12367630004883,23.228267669677734,0.138092041015625,2.7889251708984375,12.185921157665591,3.7422902584075928,11.597065925598145,17.952848434448242,0.6551513671875,0.6551513671875,105,3.188249866525175,729.5808844704088,0.7164722300562245,0.0031407674153645,122526176_1934579106.jpg,"buia,dominante,bassa_risoluzione",122526176,1934579106,2.134112659411515,0.09165368974208832
1154,865,0.99821,67.54875946044922,19.457117080688477,0.0957489013671875,1.4325459798177085,7.647054377362248,1.2478030920028689,7.544562816619873,11.101229667663574,0.2448577880859375,0.2448577880859375,95,8.335194196866565,445.3403165942421,0.5989807122030526,0.0042025248209635,122526176_1934579108.jpg,"dominante,bassa_risoluzione",122526176,1934579108,0.911763594340562,0.0861724242568016
1500,1000,1.5,67.53147888183594,24.13792610168457,14.646435761346998,0.2728083821376281,5.063343118739955,-0.4395363628864288,5.044229507446289,22.91303253173828,0.5778732299804688,0.5778732299804688,11,12.536588226913423,1449.700153141086,1.9374799003367096,0.1495541842057101,123263297_1784417837.jpg,"sovraesposta,dominante",123263297,1784417837,1.1304793558196886,0.08836621791124344
1500,1000,1.5,56.62010955810547,27.71056365966797,12.254644033674964,2.765687911786237,1.1888553025212598,-1.0636869668960571,0.5309867858886719,6.7634429931640625,2.9559249877929688,2.9559249877929688,130,-8.21116841989925,295.13424647635424,0.895144629239735,0.1328196490666178,123263297_1784417855.jpg,"sovraesposta,storta",123263297,1784417855,2.0960810618961423,0.13416887819766998
1500,1000,1.5,58.2783088684082,28.40057945251465,4.017060532576867,1.066640739385066,1.7328368451350102,1.0620561838150024,-1.369218826293945,9.51192855834961,0.3910293579101562,-0.3910293579101562,91,-7.8157200457903215,296.30241115891425,0.6668144716630766,0.0524584210285505,123263297_1784417861.jpg,,123263297,1784417861,0.0,0.09225627779960632
1500,1000,1.5,65.5193862915039,22.106910705566406,1.997163250366032,0.6858814513177159,0.692146314256667,0.4216294288635254,0.5489035844802856,12.410688400268556,1.177215576171875,1.177215576171875,142,6.657384637310154,258.05489094818546,0.90845038549911,0.0213156570278184,123263297_1784417867.jpg,storta,123263297,1784417867,0.2848103841145833,0.06622314453125
1500,1000,1.5,58.39326858520508,27.992347717285156,4.898826409224012,1.4870058565153732,3.648527247398369,2.3399412631988525,2.7993617057800293,12.872265815734863,3.15447998046875,3.15447998046875,135,-9.385356735667967,346.8846792832405,0.741301109252801,0.052667173773792,123263297_1784417875.jpg,storta,123263297,1784417875,1.6029866536458333,0.11244292557239532
1500,1000,1.5,71.36185455322266,25.311063766479492,2.2249325128111277,0.5314616123718887,3.1697644642899103,-2.355268955230713,2.121347427368164,7.560463428497315,0.029754638671875,0.029754638671875,51,-5.5017911443416025,127.8980484630031,0.5608460767471081,0.0558799643118594,123263297_1784417881.jpg,,123263297,1784417881,0.0,0.10301654040813446
1500,1000,1.5,73.48102569580078,22.416521072387695,5.102574807833089,0.2176175878477305,1.0821065082394012,-1.0670382976531982,0.1799549013376236,7.648621082305908,0.003387451171875,0.003387451171875,97,-10.642739732979242,237.4192323374501,0.5741518330064826,0.1255418992496339,123263297_1784417889.jpg,,123263297,1784417889,0.0,0.09447485208511353
1500,1000,1.5,62.41798400878906,24.0137882232666,1.063066206076135,0.8411591782576867,2.4807997943099993,-0.429667592048645,2.443307876586914,12.925057411193848,0.32330322265625,0.32330322265625,52,4.101275205562872,344.4109126212298,0.8902743844322376,0.0126810143667642,123263297_1784417893.jpg,,123263297,1784417893,0.0,0.10594186931848526
1500,1000,1.5,59.591644287109375,27.44217872619629,5.271006817349927,1.939970717423133,9.572521116942037,4.117608070373535,8.641670227050781,21.757495880126953,0.587615966796875,-0.587615966796875,125,-4.279357757738106,425.24253431372784,0.8024819905831486,0.0384948641105417,123263297_1784417899.jpg,dominante,123263297,1784417899,1.3931302792355087,0.08337869495153427
1500,1000,1.5,61.12066650390625,23.408021926879883,5.084988103953148,1.0243182650073206,3.3258656534360975,2.7291550636291504,1.9008142948150637,13.5941743850708,6.584930419921875,-6.584930419921875,102,18.70015614006276,482.1133795651357,1.128345031623878,0.0756385546303074,123263297_1784417909.jpg,storta,123263297,1784417909,3.88995361328125,0.11674361675977707
1400,1050,1.47,41.922725677490234,20.65840530395508,0.2920786539713541,0.8096059163411459,2.147038008658361,1.7012666463851929,1.3097572326660156,12.22830867767334,2.141937255859375,2.141937255859375,66,-43.388625963304825,176.56644611582547,0.5063180735464553,0.0049718221028645,123366331_1786957885.jpg,"buia,storta",123366331,1786957885,1.9356856028238931,0.29198506474494934
1400,1050,1.47,43.41559219360352,19.749773025512695,0.0606536865234375,3.861745198567709,0.8299917369816356,-0.8172869682312012,-0.1446661502122879,8.581829071044922,4.590789794921875,4.590789794921875,57,-38.25573962328887,296.9648545172515,0.592327834073365,0.0003534952799479,123366331_1786957983.jpg,"buia,storta",123366331,1786957983,3.418967310587565,0.29044291377067566
1400,1050,1.47,51.27888870239258,19.117515563964844,0.0277201334635416,1.453272501627604,1.888701126999235,1.8879799842834473,0.0521874129772186,8.083515167236328,0.15411376953125,0.15411376953125,70,-29.71444042644191,285.58271848906423,0.413655434889849,0.0008989969889322,123366331_1786958033.jpg,buia,123366331,1786958033,0.0721111297607421,0.22544613480567932
1400,1050,1.47,48.771728515625,23.365358352661133,0.0,2.180226643880208,1.553572164512706,1.248584508895874,0.9244583249092102,8.009553909301758,4.8565826416015625,4.8565826416015625,55,-33.922839369017524,282.15413383745664,0.4318314359567588,1.2715657552083333e-06,123366331_1786958079.jpg,"buia,storta",123366331,1786958079,3.0605489095052083,0.19462759792804718
1400,1050,1.47,43.8127555847168,21.58904266357422,0.0021616617838541,4.2736053466796875,0.6220849347329226,-0.1448467522859573,0.604986846446991,6.9878692626953125,2.1538009643554688,-2.1538009643554688,78,-27.4858989555182,244.33603390552005,0.4451371922161323,0.0004132588704427,123366331_1786958111.jpg,"buia,storta",123366331,1786958111,1.7545917510986329,0.23961761593818665
1400,1050,1.47,55.129486083984375,21.3026180267334,0.0024159749348958,1.5913645426432292,1.561702821984573,-0.104989618062973,1.558169722557068,4.5782389640808105,1.7797470092773438,-1.7797470092773438,32,-46.55899225557778,304.2992654535661,0.5063180735464481,0.0057245890299479,123366331_1786958167.jpg,storta,123366331,1786958167,0.6864980061848959,0.23296399414539337
1400,1050,1.47,51.85927200317383,24.495994567871097,0.0006357828776041,2.7103424072265625,1.153583936337934,0.0556594021618366,1.1522403955459597,5.6581549644470215,2.3686599731445312,-2.3686599731445312,39,-27.24864233114281,160.90169771915922,0.4318314359567355,0.0109583536783854,123366331_1786958215.jpg,"buia,storta",123366331,1786958215,1.093179448445638,0.17416082322597504
1400,1050,1.47,54.51462936401367,24.27117156982422,0.0033060709635416,2.9315948486328125,2.985599959734699,-0.9419888257980348,2.833101511001587,6.739022731781006,5.826812744140625,-5.826812744140625,60,-49.30824563007842,261.96767903144547,0.4451371922161197,0.0003267923990885,123366331_1786958257.jpg,storta,123366331,1786958257,3.3845418294270835,0.22300457954406738
1400,1050,1.47,49.5918083190918,22.712894439697266,3.5250345865885415,4.044850667317709,5.168120611432634,-2.171807289123535,4.689640045166016,10.116629600524902,5.39605712890625,-5.39605712890625,63,-27.6041846678938,116.14085896793726,0.463313193282993,0.0403951009114583,123366331_1786958307.jpg,"buia,dominante,storta,sfocata",123366331,1786958307,3.694539757420858,0.32689976692199707
1400,1050,1.47,40.22453308105469,20.04629898071289,0.003814697265625,6.2554677327473955,5.1289418526591035,5.057421684265137,-0.8535399436950684,25.164451599121097,6.06011962890625,-6.06011962890625,12,42.75290176730723,821.6491164406762,0.7594771103196811,0.0002352396647135,123366331_1786958573.jpg,"buia,dominante,storta",123366331,1786958573,4.999861907663473,0.25534626841545105
472,622,0.293584,46.51323699951172,27.544206619262695,3.8907582005189023,4.843793434951816,1.7738625450820755,1.49807608127594,0.9499244093894958,13.484718322753906,0.0254669189453125,0.0254669189453125,39,7.0237403585941225,62.06297512904763,0.2531590367732338,0.0600546122127501,123665033_1813355139.jpg,"buia,sfocata,bassa_risoluzione",123665033,1813355139,1.5142933812313677,0.1563543975353241
465,616,0.28644,57.08426284790039,24.72189712524414,10.441014761422256,2.42053645449521,2.2342431433797065,0.1875893026590347,2.2263541221618652,8.792632102966309,0.013671875,0.013671875,36,-3.562988443476137,25.43400100811743,0.2349830357063557,0.1194371200257922,123665033_1813355149.jpg,"sovraesposta,sfocata,bassa_risoluzione",123665033,1813355149,2.020201459340268,0.14261996746063232
470,623,0.29281,67.4901351928711,15.47602081298828,7.037438973839351,0.1002469832350773,5.374118946681111,1.071510910987854,5.266214847564697,5.566236972808838,2.0077362060546875,-2.0077362060546875,19,-1.6110976942319502,13.56645013374382,0.1604963981166162,0.0829819051676492,123665033_1813355161.jpg,"sovraesposta,dominante,storta,sfocata,bassa_risoluzione",123665033,1813355161,3.0596569358616077,0.04028080403804779
891,657,0.585387,79.19388580322266,16.117481231689453,9.70703125,0.054842715231788,3.2444548485550606,0.6209930777549744,3.184470891952514,7.513001918792725,1.67779541015625,-1.67779541015625,35,-1.4927144001010586,34.67156917416931,0.0926626386565998,0.1301764279801324,123665033_1813355167.jpg,"sovraesposta,storta,sfocata,bassa_risoluzione",123665033,1813355167,2.411373912201345,0.0998707190155983
426,567,0.241542,54.71556854248047,20.76876640319824,7.7458673422597215,0.3197651091342626,5.50619459547869,0.8216355443000793,5.444547176361084,8.867230415344238,0.03125,-0.03125,46,-0.9581000729852414,20.431166218422323,0.2101541565097702,0.0848907224413059,123665033_1813355183.jpg,"sovraesposta,dominante,sfocata,bassa_risoluzione",123665033,1813355183,2.2106159461219397,0.05829691141843796
886,661,0.585646,71.00825500488281,18.0070858001709,11.743419707133508,0.0934381135471204,4.852431802203442,0.1679342538118362,4.849524974822998,9.174899101257324,2.8358917236328125,2.8358917236328125,37,3.9975068970123497,156.4305338118556,0.2283301575766599,0.1329825036812827,123665033_1813355195.jpg,"sovraesposta,dominante,storta,bassa_risoluzione",123665033,1813355195,2.178044403686086,0.04677746817469597
876,641,0.561516,45.051387786865234,31.23636817932129,6.789521445260347,6.372559245660882,4.701360777562756,0.3449700474739074,4.688687324523926,8.399519920349121,0.094390869140625,0.094390869140625,12,-14.94299530465976,789.6100325400314,1.0507707825488748,0.1038128963618157,123665033_1813355211.jpg,"buia,sovraesposta,dominante,bassa_risoluzione",123665033,1813355211,0.9491535602302004,0.1535196304321289
629,618,0.388722,76.12870788574219,25.6972713470459,35.828583188369784,1.8585751118290257,4.595002293581906,1.441090703010559,4.363175868988037,4.913527488708496,0.0096435546875,-0.0096435546875,60,-4.00330935903956,38.28442476121407,9.31129025001392e-15,0.3624988351143141,123665033_1813355217.jpg,"sovraesposta,dominante,sfocata,bassa_risoluzione",123665033,1813355217,4.493535146212221,0.1356048882007599
433,615,0.266295,68.95541381835938,14.10212516784668,7.423352604883081,0.0240446612792297,4.602796326749189,0.9661104083061218,4.50026273727417,4.938416004180908,0.00164794921875,0.00164794921875,15,-4.815792607919083,8.200188068002461,0.1604963981166271,0.0819385638755158,123665033_1813355229.jpg,"sovraesposta,dominante,sfocata,bassa_risoluzione",123665033,1813355229,2.156364541042231,0.061661332845687866
1400,1050,1.47,60.3615608215332,22.684370040893555,0.0036875406901041,2.0239512125651045,3.4140075689848666,0.5834473371505737,-3.363783121109009,7.390171051025391,6.171669006347656,6.171669006347656,12,27.765175800887786,1201.5556945799165,1.2476191827992544,0.0010693868001302,124114977_1804696477.jpg,storta,124114977,1804696477,3.614446004231771,0.1732427179813385
1400,1050,1.47,44.65766906738281,22.74410820007324,0.0745137532552083,1.2438456217447915,9.122928582332388,1.15300190448761,9.049774169921877,15.432693481445312,0.0,0.0,72,-22.550526498410175,704.7858388279936,0.8769686281728546,0.0057627360026041,124114977_1804696483.jpg,"buia,dominante",124114977,1804696483,2.014965238844815,0.26784127950668335
1400,1050,1.47,50.46866989135742,25.39677619934082,0.1059214274088541,1.9368489583333333,5.484002112283986,2.3941807746887207,4.933779239654541,18.046770095825195,8.200332641601562,-8.200332641601562,41,-36.600047048651675,274.05569192595755,0.7825233561940557,0.0025405883789062,124114977_1804696485.jpg,"buia,dominante,storta",124114977,1804696485,5.49102196666963,0.23677709698677063
1400,1050,1.47,55.35935592651367,25.327455520629883,0.0001271565755208,4.339090983072916,2.615655112373209,2.0611841678619385,1.610332727432251,16.684938430786133,1.773956298828125,-1.773956298828125,47,-18.8370880142333,172.02783695809515,0.5311469527430254,2.0345052083333332e-05,124114977_1804696493.jpg,storta,124114977,1804696493,0.6826375325520834,0.2305692881345749
1400,1050,1.47,55.81288528442383,20.53065299987793,0.1879374186197916,1.132074991861979,8.065834176325428,2.4088730812072754,7.697727680206299,10.465022087097168,1.2284469604492188,1.2284469604492188,93,-17.688090535002377,341.2288634558144,0.8024819905831431,0.0065409342447916,124114977_1804696497.jpg,"dominante,storta",124114977,1804696497,1.3354231843808362,0.2190566062927246
1400,1050,1.47,55.06800842285156,19.32029151916504,0.1851399739583333,1.550165812174479,6.042386702030993,0.5671459436416626,6.015711307525635,10.497291564941406,2.0577239990234375,2.0577239990234375,89,-20.279004407517764,305.6680142922544,0.6668144716630959,0.0047798156738281,124114977_1804696503.jpg,"dominante,storta",124114977,1804696503,1.3824126748567065,0.23897947371006012
1400,1050,1.47,60.6589469909668,24.377214431762695,0.15716552734375,1.224644978841146,4.136686189591964,2.027240037918091,3.605893850326538,7.77304220199585,4.297843933105469,-4.297843933105469,32,-22.81342309406853,392.9218380618436,0.6419855924665062,0.0053113301595052,124114977_1804696505.jpg,"dominante,storta",124114977,1804696505,2.39940083613497,0.2029924988746643
1400,1050,1.47,51.19486618041992,15.582426071166992,0.0169118245442708,0.4755655924479167,10.214293500321842,3.163170099258423,9.712164878845217,13.837178230285645,1.991424560546875,-1.991424560546875,45,-13.288635152605655,282.535713149073,0.5493229538099154,0.0003140767415364,124114977_1804696511.jpg,"buia,dominante,storta",124114977,1804696511,2.461703130736385,0.27847087383270264
1486,1050,1.5603,62.20980453491211,23.257888793945312,0.0009441902624309,3.730900379834254,4.919689327868872,0.521942138671875,-4.891923904418945,11.038846969604492,0.2100448608398437,-0.2100448608398437,27,5.736106860775624,611.3816933196538,0.7164722300562262,0.0003331642783149,124114977_1831236269.jpg,dominante,124114977,1831236269,0.2299223319672179,0.09213682264089584
1486,1050,1.5603,57.55428695678711,22.50762939453125,0.0014837275552486,1.9250690607734808,3.407920646312117,0.7970175743103027,-3.3134100437164307,10.346356391906738,4.357536315917969,4.357536315917969,15,34.76182900286105,470.5462820660788,0.7413011092527921,0.0008915853763812,124114977_1914340386.jpg,storta,124114977,1914340386,2.405024210611979,0.06047758460044861
787,1050,0.82635,62.09209060668945,14.749032020568848,0.0,0.0,8.054562461559113,-2.2044153213500977,7.747033596038818,63.03909683227539,1.3997421264648438,-1.3997421264648438,11,0.7367884029514934,22.990575369101787,0.0926626386565998,0.0,124496443_1813992585.jpg,"dominante,storta,sfocata,bassa_risoluzione",124496443,1813992585,3.0636257768813113,0.0818476751446724
1400,1050,1.47,50.49106979370117,23.388652801513672,0.4561106363932292,8.013661702473957,8.517093800864673,1.6053332090377808,8.364436149597168,11.176663398742676,0.50067138671875,-0.50067138671875,80,-11.564706289397243,267.55489222195564,0.5559758319395827,0.0133934020996093,124496443_1813994501.jpg,"buia,dominante",124496443,1813994501,1.2801664708460512,0.24898119270801544
787,1050,0.82635,49.139286041259766,21.648033142089844,0.2654448435212299,1.429884814238653,4.5865791307957675,0.1374572366476059,4.584518909454346,7.901354312896728,1.115020751953125,1.115020751953125,35,-7.986267794884709,88.43389254427598,0.253159036773236,0.0087433084736456,124496443_1813994513.jpg,"buia,dominante,storta,sfocata,bassa_risoluzione",124496443,1813994513,1.202165137470449,0.2848703861236572
1400,1050,1.47,50.640262603759766,18.923765182495117,0.2918243408203125,2.0488739013671875,4.703053018542622,-0.6311033368110657,4.660516738891602,13.47629165649414,2.3146514892578125,-2.3146514892578125,43,-17.27056605709922,191.31899232680573,0.4451371922161191,0.0080235799153645,124496443_1813994533.jpg,"buia,dominante,storta",124496443,1813994533,1.3548379870982208,0.35831382870674133
787,1050,0.82635,61.80333709716797,15.308907508850098,0.0,0.0,13.036910773153856,-10.903607368469238,7.1464948654174805,61.123878479003906,1.6638031005859375,1.6638031005859375,36,-6.32432363078099,34.00346938259941,0.0248288791965873,0.0,124496443_1813994549.jpg,"dominante,storta,sfocata,bassa_risoluzione",124496443,1813994549,4.3017052706357655,0.7396473288536072
1400,1050,1.47,45.78215408325195,22.38663673400879,0.1536051432291666,4.992421468098959,2.2274488814335744,0.5839084982872009,2.1495532989501953,24.803268432617188,1.4940032958984375,1.4940032958984375,46,-7.539672097139964,117.41331225260927,0.327645674362952,0.0038566589355468,124496443_1813994569.jpg,"buia,storta,sfocata",124496443,1813994569,1.1608982513969417,0.3208974599838257
1400,1050,1.47,54.688201904296875,22.31667137145996,0.086212158203125,1.428095499674479,6.029726098522831,-2.3976292610168457,5.532537460327148,17.957931518554688,2.9362030029296875,-2.9362030029296875,58,-36.0151084617632,437.348185059899,0.7843059895162529,0.0030288696289062,124496443_1813996047.jpg,"dominante,storta",124496443,1813996047,1.9649001932504997,0.23488110303878784
787,1050,0.82635,64.5761947631836,10.381621360778809,0.0,0.089291842057101,2.5581252520514997,0.4755221605300903,2.513540029525757,4.675924301147461,0.0,0.0,1,0.0,52.066711398856434,3.0862858487723564e-17,0.0,124496443_1813996873.jpg,"sfocata,bassa_risoluzione",124496443,1813996873,1.132221476685726,0.13598166406154633
1174,782,0.918068,62.2098388671875,25.995248794555664,1.005487078445748,4.952546508431085,3.631528590213088,0.879673182964325,3.5233755111694336,8.248686790466309,1.606689453125,-1.606689453125,73,1.897640700881298,300.9420015171837,0.4203083130195565,0.041382193914956,124496443_1813997193.jpg,"storta,bassa_risoluzione",124496443,1813997193,0.5711263020833334,0.14053457975387573
1174,782,0.918068,59.96842193603515,27.48458671569824,0.5794939057917888,8.243075284090908,3.00776264732277,0.7019122838973999,2.9247145652770996,10.967297554016112,0.0181121826171875,0.0181121826171875,88,5.062488253808102,511.3410614416441,0.4633131932830121,0.0568167499083577,124496443_1813997199.jpg,bassa_risoluzione,124496443,1813997199,0.0,0.15021251142024994
1575,1050,1.65375,66.38384246826172,12.960177421569824,0.0,0.0261655838213762,2.3087865193641965,0.226812332868576,2.2976186275482178,8.168960571289062,0.9284515380859376,0.9284515380859376,39,-3.2588396446957817,50.95622945272153,0.0248288791965754,0.0,124542355_1814991415.jpg,"storta,sfocata",124542355,1814991415,1.2696972011785996,0.1466074287891388
1575,1050,1.65375,75.82949829101562,12.65742015838623,0.0238778825036603,0.1205332631771596,2.019679036191404,1.9157028198242188,0.639676570892334,11.843103408813477,0.4582672119140625,-0.4582672119140625,30,-2.7055035661681077,89.85492459919179,0.1604963981166249,0.0066228953147877,124542355_1814991433.jpg,sfocata,124542355,1814991433,0.5024179233468035,0.12327204644680023
1575,1050,1.65375,70.59709930419922,14.038512229919434,0.0,0.0,5.255853700865569,5.074167728424072,1.3699707984924316,7.861249446868896,0.142547607421875,0.142547607421875,16,-2.4289758634570453,32.889122920263254,1.4764360287638643e-14,0.0,124542355_1814991449.jpg,"dominante,sfocata",124542355,1814991449,1.7658113765453385,0.16018758714199066
1575,1050,1.65375,76.02222442626953,11.009048461914062,0.0,0.0044324213030746,4.401134217528315,1.5738685131072998,4.110099792480469,10.585070610046388,0.123626708984375,0.123626708984375,33,-0.1190568840322265,95.09643318273729,0.0248288791965728,0.0119875549048316,124542355_1814991471.jpg,"dominante,sfocata",124542355,1814991471,0.5153430013364576,0.11035200208425522
1575,1050,1.65375,71.13082122802734,13.540404319763184,0.435664119692533,0.0274524158125915,2.1222518696666026,2.0679149627685547,0.4771589934825897,8.336298942565918,0.0572509765625,0.0572509765625,29,-3.4767114559428993,167.48873858352906,0.0926626386565921,0.0083658377562225,124542355_1814991491.jpg,,124542355,1814991491,0.0,0.10825781524181366
1575,1050,1.65375,67.68717193603516,17.206663131713867,0.0,0.122535001830161,1.3872387375132202,0.6947534084320068,1.2007285356521606,9.141331672668455,0.750732421875,-0.750732421875,38,-2.3806574856779528,596.8796469611889,0.4881420724795716,0.0014169450036603,124542355_1814991509.jpg,storta,124542355,1814991509,0.00048828125,0.09816206991672516
1575,1050,1.65375,65.53734588623047,19.48311424255371,0.5789314147144948,0.0845019674231332,4.986062677390726,2.8133034706115723,4.116569519042969,12.89484405517578,0.0924835205078125,0.0924835205078125,51,23.66899539564958,675.2316131186174,0.5311469527430325,0.0159981812774524,124542355_1814991527.jpg,dominante,124542355,1814991527,0.2465156693476815,0.06790833175182343
1575,1050,1.65375,68.44863891601562,20.15945816040039,2.3034292642752563,0.2549357155929722,2.0006650077059622,1.892008662223816,-0.6503565907478333,13.120869636535645,0.2369232177734375,0.2369232177734375,34,9.650648780825328,688.1615325794486,0.3954794338229657,0.041520349103221,124542355_1814991551.jpg,,124542355,1814991551,0.0,0.07255754619836807
1575,1050,1.65375,68.55005645751953,13.161965370178224,0.0,0.0217331625183016,2.656680741086343,0.7076895833015442,2.5606889724731445,6.576507091522217,0.1767578125,-0.1767578125,60,-1.2827025527414069,65.92868928249237,0.0926626386566031,5.147327964860908e-05,124542355_1814993271.jpg,sfocata,124542355,1814993271,0.9011885119584604,0.10460960119962692
1575,1050,1.65375,66.75755310058594,12.514445304870604,0.0,0.0295971357979502,2.8582300106087235,1.2433687448501587,2.573618650436402,8.360322952270508,0.6342086791992188,-0.6342086791992188,60,-0.8928602743253593,74.68720427620454,0.185325277313193,1.1438506588579795e-05,124542355_1814993295.jpg,sfocata,124542355,1814993295,0.7552132620632577,0.08146324753761292
787,1050,0.82635,57.20401763916016,25.903156280517575,0.2986165126281112,9.8923779511347,8.690676541316648,5.069069862365723,7.059206008911133,11.843833923339844,2.2405929565429688,2.2405929565429688,141,-9.07263561224022,400.2603129695083,0.4633131932829973,0.0128547366855783,127061197_1875397365.jpg,"dominante,storta,bassa_risoluzione",127061197,1875397365,2.1663977730244746,0.19393794238567352
787,1050,0.82635,58.741695404052734,22.99236488342285,0.3227088671303074,2.60347559022694,7.816255952536864,2.591320514678955,7.374206066131592,13.44137191772461,2.4619140625,-2.4619140625,78,-21.696821277192218,278.5156721544008,0.4269611911492493,0.0111096495241581,127061197_1875397369.jpg,"dominante,storta,bassa_risoluzione",127061197,1875397369,2.095340029800883,0.16586937010288239
1400,1050,1.47,68.0353012084961,14.268664360046388,0.2621968587239583,0.7409413655598958,8.516481693128823,2.7115261554718018,8.073294639587402,8.532756805419922,1.2605133056640625,1.2605133056640625,21,-5.571751123488317,253.18797338991945,0.5874575892658682,0.0048433939615885,127061197_1875397375.jpg,"dominante,storta",127061197,1875397375,1.4694626270582474,0.371669739484787
1400,1050,1.47,66.62384033203125,10.75575828552246,0.2469380696614583,0.0291188557942708,6.470081750848909,0.8387703895568848,6.415482997894287,6.892265319824219,1.203216552734375,1.203216552734375,5,-3.853841855118581,319.6041118709432,0.7413011092527975,0.005017598470052,127061197_1875397383.jpg,"dominante,storta",127061197,1875397383,0.9196648062018103,0.7013444900512695
787,1050,0.82635,60.43304443359375,19.89349937438965,0.1203187911786237,1.098168123169839,5.245897153633792,1.331687331199646,5.074056148529053,5.708584785461426,3.56427001953125,-3.56427001953125,29,-9.454854989404952,119.60413488021813,0.4251785578270375,0.0139835743045387,127061197_1875397387.jpg,"dominante,storta,sfocata,bassa_risoluzione",127061197,1875397387,2.194252053425646,0.3035036027431488
1400,1050,1.47,61.920467376708984,18.967662811279297,0.0668843587239583,0.9352366129557292,5.6213904311048335,0.6386377811431885,5.584995269775391,5.883647918701172,2.9146728515625,-2.9146728515625,27,-15.375597636965832,383.2630625748473,0.969631266829446,0.0114669799804687,127061197_1875397397.jpg,"dominante,storta",127061197,1875397397,1.8484628421512084,0.2304072380065918
1400,1050,1.47,65.5831298828125,13.176190376281738,0.3336588541666666,0.2863566080729166,3.960548639276597,-0.1449369192123413,3.9578957557678223,4.827172756195068,1.7581634521484375,1.7581634521484375,28,3.975489926365056,200.45652388033668,0.6801202279224637,0.0059127807617187,127061197_1875397403.jpg,storta,127061197,1875397403,0.6721089680989584,0.358476847410202
1400,1050,1.47,64.09255981445312,12.519793510437012,0.3055572509765625,0.1906077067057291,5.054362480898832,2.1691341400146484,4.565242290496826,6.4333176612854,1.9276123046875,1.9276123046875,41,2.235541894726215,621.6836056240508,0.673467349792771,0.0056711832682291,127061197_1875397411.jpg,"dominante,storta",127061197,1875397411,1.0486654900163748,0.14177758991718292
1400,1050,1.47,68.12481689453125,10.978983879089355,0.2309163411458333,0.0937143961588541,8.677848803953733,2.4091873168945312,8.336718559265137,8.772810935974121,0.7900924682617188,-0.7900924682617188,22,-1.933978979644981,246.3242821585542,0.7413011092528076,0.0046628316243489,127061197_1875397417.jpg,"dominante,storta",127061197,1875397417,1.1961905131629125,0.29567140340805054
1400,1050,1.47,65.64704132080078,9.438358306884766,0.11749267578125,0.0174204508463541,6.216199573348214,0.0669611170887947,6.21583890914917,6.592705249786377,11.8878173828125,-11.8878173828125,16,1.740667036624578,172.353005922089,0.4996651954167647,0.0012041727701822,127061197_1966311352.jpg,"dominante,storta",127061197,1966311352,7.97926148187872,0.0722312331199646
1573,1050,1.65165,57.60643005371094,23.923694610595703,0.3767760873538012,2.199978298611111,4.88137647611723,1.7225066423416138,4.567363262176514,19.84937858581543,0.049407958984375,0.049407958984375,6,-1.12254965117559,1867.4754795125211,0.8654455052356584,0.0037563390899122,127148715_1877664427.jpg,dominante,127148715,1877664427,0.2203441190293074,0.15405604243278503
1573,1050,1.65165,49.8707160949707,27.548921585083008,0.5613806652046783,2.745225694444444,1.7078464328448957,0.1090892478823661,-1.7043588161468506,11.228070259094238,0.05767822265625,0.05767822265625,23,0.3498458458506809,2326.9846846561277,1.2591423057364397,0.0116573579130116,127148715_1877664517.jpg,buia,127148715,1877664517,0.2129283905029297,0.18404072523117065
1573,1050,1.65165,49.162452697753906,28.628305435180664,0.7327074195906433,2.3534585160818713,2.656201701034087,1.1796880960464478,-2.379862070083618,10.697967529296877,0.51885986328125,0.51885986328125,6,-0.4241012717195169,2239.7614631691954,1.148303666012989,0.0170213130482456,127148715_1877664533.jpg,buia,127148715,1877664533,0.2837547302246094,0.06711383163928986
1573,1050,1.65165,52.853538513183594,28.442155838012695,0.909602293494152,1.625177037646199,0.2247097259299564,-0.2244912236928939,0.0099071394652128,10.929292678833008,1.3758544921875,-1.3758544921875,26,-10.311441089822116,2644.501793108415,1.3305413318408568,0.0212231016995614,127148715_1877664553.jpg,storta,127148715,1877664553,0.417236328125,0.1407114863395691
1573,1050,1.65165,53.20222091674805,24.43982315063477,1.35933502375731,2.850734420687134,12.782506550368954,2.2257909774780273,12.587228775024414,19.012208938598633,0.2178955078125,-0.2178955078125,97,-5.586628581506897,522.4099220100854,0.666814471663082,0.015473661366959,127148715_1877664569.jpg,dominante,127148715,1877664569,2.1956266375922384,0.08890552073717117
1573,1050,1.65165,56.50981521606445,24.091402053833008,0.7876747532894737,3.3240245796783627,12.766044001703516,4.7301344871521,11.85739040374756,18.596529006958008,0.4552764892578125,0.4552764892578125,96,-0.7959064870163564,544.804639255351,0.5063180735464473,0.0140473661366959,127148715_1877664577.jpg,dominante,127148715,1877664577,2.191511000425879,0.08526720106601715
1573,1050,1.65165,60.82899475097656,19.412961959838867,0.3005356816520468,0.9053191246345028,8.023089938860263,3.0002639293670654,7.440993785858154,11.049888610839844,0.343414306640625,-0.343414306640625,66,-5.068885986468463,492.34151412555144,0.5989807122030693,0.0045958401864035,127148715_1877664591.jpg,dominante,127148715,1877664591,1.0057724847150658,0.09143475443124771
1573,1050,1.65165,61.04384231567383,21.05446434020996,0.4124691611842105,0.1604760599415204,10.61559804964,2.8291995525360107,10.231644630432127,17.055824279785156,0.146575927734375,-0.146575927734375,90,-6.044793059977087,330.55467593966273,0.5377998308727238,0.0130136947185672,127148715_1877664605.jpg,dominante,127148715,1877664605,1.6538995124100002,0.06367592513561249
1573,1050,1.65165,51.92487716674805,24.249887466430664,0.6795961257309941,0.9323030884502924,10.240223890682731,3.1218745708465576,9.752747535705566,16.92986297607422,0.7347946166992188,0.7347946166992188,106,-14.9455993631923,1133.0190757709568,1.2409663046695696,0.0087804961622807,127148715_1877664623.jpg,"buia,dominante",127148715,1877664623,1.567568255995878,0.05240164324641228
1573,1050,1.65165,44.9976806640625,23.126394271850582,0.6974426626461988,1.875885188230994,8.972002984717074,1.8198447227478027,8.785499572753906,23.07134246826172,0.25384521484375,-0.25384521484375,152,-4.196993014548283,1078.9254503548216,1.068946783615745,0.0091317160087719,127148715_1877664643.jpg,"buia,dominante",127148715,1877664643,1.9432326797730184,0.26142603158950806
696,505,0.35148,47.38130187988281,24.380800247192383,0.2605042900403768,0.8694429256393,3.714441099984726,1.6939724683761597,3.3056814670562744,7.417594909667969,0.48736572265625,-0.48736572265625,21,11.72182287286995,22.010397683357333,0.3209927962332436,0.0882770440780619,127410601_1883810727.jpg,"buia,sfocata,bassa_risoluzione",127410601,1883810727,2.09502985062243,0.1432267725467682
680,497,0.33796,56.60464859008789,20.230077743530273,0.6296739221256685,0.3475413602941176,1.029337087249423,0.7521429657936096,0.7027202844619751,4.7581987380981445,1.25616455078125,-1.25616455078125,53,-8.204503772156695,16.864216347664424,0.253159036773227,0.0092473157586898,127410601_1883810733.jpg,"storta,sfocata,bassa_risoluzione",127410601,1883810733,2.056372761393093,0.11447588354349136
730,521,0.38033,39.46471405029297,23.607595443725582,1.91812371751026,0.8106403898768809,2.8120085574700915,0.512732207775116,2.7648684978485107,9.849763870239258,1.658538818359375,-1.658538818359375,54,-7.332313437699578,10.605297611447474,0.185325277313183,0.0333166787790697,127410601_1883810737.jpg,"buia,storta,sfocata,bassa_risoluzione",127410601,1883810737,3.682466180352829,0.3623759150505066
531,636,0.337716,40.44807815551758,17.210975646972656,1.0966812805872757,0.6079221044045677,6.730950155664736,5.159085750579834,4.323138236999512,18.76093482971191,4.219764709472656,-4.219764709472656,61,11.501037848992054,7.438290788796856,0.2349830357063432,0.0155174666088907,127410601_1883810743.jpg,"buia,dominante,storta,sfocata,bassa_risoluzione",127410601,1883810743,6.027134683199583,0.24268841743469238
377,288,0.108576,54.211177825927734,18.052268981933594,0.0066186460997442,0.2930936301150895,1.414314739361505,1.3169125318527222,0.5157786011695862,4.6389970779418945,0.068450927734375,0.068450927734375,43,-6.18258228846051,10.905837743811816,0.2101541565097795,0.0003871283567774,127410601_1883810745.jpg,"sfocata,bassa_risoluzione",127410601,1883810745,1.8182360376031363,0.25433602929115295
370,272,0.10064,42.56242752075195,19.566749572753903,0.8973221696547145,1.5671688247011952,2.901449109700179,0.2615013122558594,2.8896408081054688,5.857749938964844,0.0012969970703125,0.0012969970703125,63,0.0755196009295111,19.83210428244942,0.2101541565097915,0.0107694223107569,127410601_1883810749.jpg,"buia,sfocata,bassa_risoluzione",127410601,1883810749,2.6132221765506474,0.3062135577201843
378,262,0.099036,36.879615783691406,19.140216827392575,0.9029764524647886,2.4342539612676055,1.835943774478142,0.4524032771587372,1.7793315649032593,5.0004963874816895,0.0851287841796875,0.0851287841796875,55,-7.295179074093467,30.6141422755206,0.2283301575766599,0.0134091659330985,127410601_1883810751.jpg,"buia,sfocata,bassa_risoluzione",127410601,1883810751,3.0018027170388493,0.15963983535766602
377,273,0.102921,47.4103889465332,16.178064346313477,0.6330546664420486,0.2382180761455525,2.2206916604522067,-1.3561931848526,1.758468508720398,4.712323188781738,1.1887054443359375,1.1887054443359375,17,-4.524690169490192,10.090592188621429,0.2283301575766528,0.0105302918632075,127410601_1883810755.jpg,"buia,storta,sfocata,bassa_risoluzione",127410601,1883810755,2.5832548650936142,0.3042409420013428
266,312,0.082992,39.174686431884766,22.63303565979004,3.557663535595337,2.958716043921732,0.8433189250086989,0.3215850293636322,0.7795959711074829,3.807084083557129,0.2009811401367187,0.2009811401367187,12,-5.857379329743413,3.118667381197384,0.2035012783800817,0.0446202058180682,127410601_1883810761.jpg,"buia,sfocata,bassa_risoluzione",127410601,1883810761,3.2305535671249004,0.1616094559431076
376,271,0.101896,42.629337310791016,21.22243309020996,0.1804920392953929,1.738889947493225,9.301667680913036,2.5509181022644043,8.945045471191406,12.718276023864746,0.7426300048828125,0.7426300048828125,39,-3.361811525082353,34.88605183529175,0.3209927962332575,0.0025115387872628,127410601_1883810765.jpg,"buia,dominante,sfocata,bassa_risoluzione",127410601,1883810765,3.681048991894295,0.1521313190460205
1575,1050,1.65375,75.8160171508789,14.822982788085938,2.443265007320644,0.0014298133235724,3.463122016015997,2.21874475479126,2.659019708633423,13.290242195129396,0.0,0.0,26,-0.8349684773263549,74.72857545721851,0.2283301575766539,0.1062723050878477,127834582_1894201662.jpg,sfocata,127834582,1894201662,0.7545237423796914,0.4165229797363281
1575,1050,1.65375,59.34114074707031,16.93619155883789,0.361170845534407,0.0,7.556762560641498,3.155912160873413,6.866212844848633,15.418134689331056,0.3010101318359375,0.3010101318359375,28,-1.2205283446603084,96.49422855210008,0.3028167951663846,0.0191137445095168,127834582_1894201676.jpg,"dominante,sfocata",127834582,1894201676,1.2809534976253731,0.42514851689338684
1575,1050,1.65375,73.49352264404297,13.743669509887695,2.0251875915080526,0.0985141379941434,8.138650996315015,1.0530636310577393,8.070235252380371,15.141220092773438,0.0020751953125,0.0020751953125,45,-0.49758813996449,112.75511401902352,0.3458216754298318,0.0668280449304538,127834582_1894201688.jpg,"dominante,sfocata",127834582,1894201688,1.155410848761695,0.3550623059272766
1564,1050,1.6422,74.06002044677734,15.069865226745604,6.300178538937409,0.0,8.829302530768002,-0.2377725839614868,8.82610034942627,18.20352554321289,0.061737060546875,0.061737060546875,29,0.3745825561670317,82.87136741647834,0.2713350378401005,0.0837285070960698,127834582_1894201702.jpg,"sovraesposta,dominante,sfocata",127834582,1894201702,1.856154029644436,0.3902924060821533
1575,1050,1.65375,69.99779510498047,13.938249588012695,0.0900782393850658,0.0001429813323572,6.630700892852711,1.8373554944992063,6.371053218841553,14.183309555053713,0.214263916015625,-0.214263916015625,21,-1.1021226885752928,45.31413478872621,0.2283301575766641,0.0037775668008784,127834582_1894201716.jpg,"dominante,sfocata",127834582,1894201716,1.9024396434010744,0.4434141516685486
1575,1050,1.65375,65.99260711669922,20.681190490722656,3.936562042459736,0.20517821193265,1.803400177934188,1.0350760221481323,1.4767768383026123,9.1497802734375,0.12396240234375,-0.12396240234375,114,2.90185844408029,471.19900610213216,0.7164722300562412,0.0716179195644216,127834582_1894201726.jpg,,127834582,1894201726,0.0,0.24094711244106293
1575,1050,1.65375,71.72314453125,14.58232307434082,3.5565176610541727,0.0,7.525995860826328,2.5328755378723145,7.086970806121826,16.411157608032227,0.24664306640625,-0.24664306640625,35,-0.6637471628402001,133.8128981038016,0.3458216754298266,0.078797012262079,127834582_1894201736.jpg,dominante,127834582,1894201736,0.8814989652065819,0.33924078941345215
1560,1050,1.638,61.6185417175293,17.799007415771484,4.191848466981132,0.1226018232946298,8.299573515368147,-1.1198352575302124,8.223678588867188,15.409906387329102,0.0267333984375,-0.0267333984375,43,-0.5166137150611522,165.21568286512755,0.3209927962332535,0.0577149854862119,127834582_1894201750.jpg,dominante,127834582,1894201750,1.0748933788420367,0.22000956535339355
1560,1050,1.638,69.05510711669922,16.552148818969727,2.7475564677068216,0.0388357220609579,7.936254748914794,-2.04058837890625,7.669428825378418,14.99115753173828,0.366729736328125,-0.366729736328125,39,-2.5992396000458013,172.67578521958265,0.3209927962332565,0.0459749750544267,127834582_1894201760.jpg,dominante,127834582,1894201760,0.9840636872286984,0.2144857943058014
1575,1050,1.65375,69.20049285888672,16.265748977661133,0.5501921669106882,0.0181586292093704,8.319065464869798,0.6253594160079956,8.295527458190918,12.064837455749512,0.00750732421875,-0.00750732421875,49,-0.0962322401169913,146.68561222729946,0.2283301575766606,0.0293883830527086,127834582_1894201774.jpg,dominante,127834582,1894201774,1.0797663662174497,0.30566805601119995
1154,865,0.99821,56.661773681640625,26.43842506408691,0.0043233235677083,1.5462239583333337,6.614171340268034,2.3248846530914307,6.192105770111084,26.261747360229492,5.66937255859375,-5.66937255859375,93,16.23395044370803,664.0068643031004,0.7346482311231102,0.0002644856770833,128207258_1903128230.jpg,"dominante,storta,bassa_risoluzione",128207258,1903128230,3.9331245407961752,0.07248665392398834
1154,865,0.99821,50.36516189575195,23.649927139282227,0.00762939453125,1.5413920084635415,8.579648272365818,0.5199115872383118,8.563880920410156,16.401609420776367,3.196685791015625,3.196685791015625,69,-6.2230646716316915,555.9717648778637,0.8570099937837862,0.0007870992024739,128207258_1903128926.jpg,"buia,dominante,storta,bassa_risoluzione",128207258,1903128926,2.9395197391933423,0.08620408177375793
1154,865,0.99821,42.411624908447266,22.21192169189453,0.34637451171875,1.7687479654947915,8.845949059432357,2.6348118782043457,8.444440841674805,16.893783569335938,0.2010574340820312,-0.2010574340820312,52,-5.962966122417379,458.6027081765399,0.876968628172848,0.0051968892415364,128207258_1903128938.jpg,"buia,dominante,bassa_risoluzione",128207258,1903128938,2.1703247740133627,0.07256876677274704
1154,865,0.99821,52.2388801574707,22.708309173583984,0.0,1.265080769856771,8.585919224877717,1.6486210823059082,8.426153182983398,15.063159942626951,4.3432159423828125,4.3432159423828125,25,-11.47927212114667,572.4082588549289,0.8521397489762834,4.9591064453125e-05,128207258_1903128950.jpg,"dominante,storta,bassa_risoluzione",128207258,1903128950,3.541957101141304,0.07046649605035782
1154,865,0.99821,50.33126449584961,21.914398193359375,0.0077565511067708,1.0538736979166663,10.373592117501628,2.028674602508545,10.173293113708496,15.797164916992188,0.999114990234375,0.999114990234375,41,-6.201849179243399,579.7546389656491,0.8587926271059835,0.0008481343587239,128207258_1903128966.jpg,"buia,dominante,storta,bassa_risoluzione",128207258,1903128966,1.926348239946696,0.072628915309906
1154,865,0.99821,58.164886474609375,23.841588973999023,0.862884521484375,1.0950724283854163,8.981044942819695,1.6223863363265991,8.833291053771973,12.881089210510254,0.3241653442382812,-0.3241653442382812,75,10.970184627194964,516.9926156650359,0.7231251081859177,0.0134836832682291,128207258_1903128982.jpg,"dominante,bassa_risoluzione",128207258,1903128982,1.2452612357049238,0.08009705692529678
1154,865,0.99821,67.0113525390625,24.05909538269043,0.0219980875651041,0.6697336832682292,7.729961134546418,0.4439725577831268,7.717200756072998,10.176117897033691,0.05523681640625,-0.05523681640625,45,-14.072177700185255,521.6379194822301,0.5808047111361612,0.0036023457845052,128207258_1903128996.jpg,"dominante,bassa_risoluzione",128207258,1903128996,0.9324902836366044,0.05597240850329399
1154,865,0.99821,61.6065673828125,25.608341217041016,0.0845591227213541,1.497522989908854,7.931351330976084,-0.8104238510131836,7.889838218688965,12.83546543121338,0.0,0.0,46,-2.014463742424207,706.5400565542319,0.6668144716630751,0.0023816426595052,128207258_1903129010.jpg,"dominante,bassa_risoluzione",128207258,1903129010,0.982837832744021,0.07558518648147583
1154,865,0.99821,52.68243789672851,24.958173751831055,0.1497904459635416,1.5694936116536458,9.405530983206452,0.1461704969406128,9.40439510345459,11.426133155822754,5.170654296875,-5.170654296875,35,-12.097437982529703,1269.6650997188924,0.7346482311231006,0.0021921793619791,128207258_1903129024.jpg,"dominante,storta,bassa_risoluzione",128207258,1903129024,4.2984856103849465,0.062426261603832245
1154,865,0.99821,61.01411819458008,20.989696502685547,2.0186106363932295,0.1120249430338541,7.323500132420923,-0.0209679417312145,7.323470115661621,18.004249572753906,2.170928955078125,-2.170928955078125,49,0.2444510097633708,1485.2892094617127,0.7116019852487243,0.0258420308430989,128207258_1903129034.jpg,"dominante,storta,bassa_risoluzione",128207258,1903129034,1.7781610031573143,0.07391012459993362
1575,1050,1.65375,63.91206741333008,20.113664627075195,0.1113824579062957,0.2108974652269399,1.784467865788704,1.766699194908142,0.2511961758136749,7.871602535247803,0.396209716796875,0.396209716796875,79,-0.399584266302792,270.6569822950834,0.1671492762463284,0.0027852763543191,128673662_1923244546.jpg,,128673662,1923244546,0.0,0.35699647665023804
1574,1050,1.6527,64.20362854003906,19.983562469482425,0.6790183473645681,0.9463934388726208,5.2213728436551845,1.36286461353302,5.040370464324951,6.683479309082031,0.1160430908203125,-0.1160430908203125,123,-0.3696354337575201,385.7261129020744,0.2349830357063461,0.0261183999816983,128673662_1923244570.jpg,dominante,128673662,1923244570,0.3053432109137961,0.20598693192005157
1575,1050,1.65375,62.64968490600586,21.261125564575195,2.0239007595168377,0.4970031112737921,2.6473800596406662,0.3162278532981872,2.6284255981445312,7.038077354431152,0.0,0.0,63,-0.6166389640587087,255.3062144128567,0.1853252773131888,0.0338937248352855,128673662_1923244630.jpg,,128673662,1923244630,0.0,0.3095768988132477
700,1050,0.735,69.61522674560547,20.163761138916016,0.007184346516927,1.8222808837890625,7.463392626620723,2.856168746948242,6.895254135131836,19.61667823791504,0.18865966796875,-0.18865966796875,5,4.937155350256292,28.709058104057075,0.0744866375897113,0.020090103149414,128673662_1942966632.jpg,"dominante,sfocata,bassa_risoluzione",128673662,1942966632,2.3873638549208964,0.0701407939195633
1574,1050,1.6527,56.65650177001953,26.467010498046875,0.4186493411420204,1.2832574579062956,6.511838881065977,2.6237902641296387,5.959846496582031,11.92881202697754,0.0269241333007812,0.0269241333007812,94,1.5782178742739992,332.8695009149871,0.4384843140864218,0.0450476985724743,128673662_1946399536.jpg,dominante,128673662,1946399536,0.6279597202664942,0.30814415216445923
1575,1050,1.65375,63.18735885620117,18.87285614013672,0.0886484260614934,0.9694134333821376,5.05213948269598,1.78599750995636,4.725920677185059,19.047449111938477,0.1116714477539062,-0.1116714477539062,37,-0.5118519198976386,579.5327998243542,0.2779879159698,0.003631725841874,128673662_1946399576.jpg,dominante,128673662,1946399576,0.2630348706739949,0.47245219349861145
1575,1050,1.65375,59.94910430908203,20.899385452270508,0.0071490666178623,0.9207997803806736,4.035369442296741,2.600994110107422,3.0852935314178467,16.790849685668945,0.1949462890625,0.1949462890625,38,-0.0429849475615924,449.4234902564678,0.388826555693284,0.0040721083455344,128673662_1946399598.jpg,dominante,128673662,1946399598,0.0088423605741851,0.312133252620697
1574,1050,1.6527,67.14985656738281,20.82465553283691,0.958689833455344,0.640842331625183,4.641074640822119,3.195178747177124,3.3660669326782227,21.502187728881836,0.239410400390625,-0.239410400390625,109,-0.3224734792953767,642.1251813595944,0.5311469527430155,0.0429601711200585,128673662_1946399626.jpg,dominante,128673662,1946399626,0.1602686602055296,0.2240312695503235
1574,1050,1.6527,66.56694030761719,21.99445152282715,0.3671760614934114,0.4529648609077599,6.557410154043519,2.771784543991089,5.9427971839904785,16.068283081054688,0.075775146484375,0.075775146484375,70,-0.3077681604365506,678.2643407355282,0.6916433508596634,0.0299631680087847,128673662_1946399654.jpg,dominante,128673662,1946399654,0.6393525385108798,0.1961234211921692
1574,1050,1.6527,63.002872467041016,24.28998756408691,1.1622952507320643,0.6006645772327965,5.223572398358596,2.6260182857513428,4.515499591827393,10.09814739227295,0.0,0.0,85,-1.1354695680755058,478.50652084055497,0.4384843140864303,0.0738098233894582,128673662_1946399672.jpg,dominante,128673662,1946399672,0.3058930995896489,0.19197644293308258
1154,865,0.99821,76.6241455078125,13.839177131652832,0.5349477132161458,0.487518310546875,9.728699921021514,2.171992063522339,9.483145713806152,9.943825721740724,1.1990509033203125,1.1990509033203125,100,-3.5955196243454584,242.3656280569461,0.2531590367732269,0.0159467061360677,129058518_1923701248.jpg,"dominante,storta,bassa_risoluzione",129058518,1923701248,1.7315422491355867,0.061256710439920425
1154,865,0.99821,71.77381134033203,19.42655563354492,0.0036875406901041,0.1874287923177083,3.127751057441278,2.055760145187378,2.357260465621948,9.182766914367676,1.93524169921875,-1.93524169921875,105,8.928972394555906,538.1307285754787,1.4081155809158863,0.0087369283040364,129058518_1923701256.jpg,"storta,bassa_risoluzione",129058518,1923701256,0.7901611328125,0.06887921690940857
1154,865,0.99821,69.650634765625,22.68756103515625,0.0006357828776041,0.6661732991536458,3.2357884621108064,1.695430874824524,2.7560553550720215,10.441048622131348,3.9886474609375,-3.9886474609375,76,23.11093864840493,603.7362378282836,1.247619182799236,0.0035057067871093,129058518_1923701262.jpg,"storta,bassa_risoluzione",129058518,1923701262,2.1590983072916665,0.07779067754745483
1154,865,0.99821,68.9735107421875,19.385662078857425,0.028228759765625,0.0921885172526041,6.28920409188458,4.986884593963623,3.8321104049682617,15.132256507873535,0.01690673828125,-0.01690673828125,55,51.718936046217294,848.3165473360423,1.1864383014689124,0.0038960774739583,129058518_1923701266.jpg,"dominante,bassa_risoluzione",129058518,1923701266,0.5723010229711449,0.0663749948143959
1154,865,0.99821,67.89778137207031,20.373027801513672,0.0128428141276041,0.1997629801432291,5.0408789180623055,4.365951061248779,2.5197086334228516,14.831779479980469,0.782958984375,-0.782958984375,52,52.703806016946395,800.2353079567353,1.125257420138584,0.0047391255696614,129058518_1923701274.jpg,"dominante,storta,bassa_risoluzione",129058518,1923701274,0.2821923857655763,0.05719952657818794
1154,865,0.99821,71.00039672851562,19.61251449584961,0.7509867350260417,0.809478759765625,5.20864135356419,1.3580057621002195,5.0284953117370605,6.943479537963867,0.705078125,0.705078125,177,-2.249724063603814,460.7801716123019,0.327645674362955,0.0232569376627604,129058518_1923701276.jpg,"dominante,bassa_risoluzione",129058518,1923701276,0.3021603383910474,0.08691617846488953
1154,865,0.99821,80.07880401611328,16.328943252563477,0.0522613525390625,0.2469380696614583,2.4463145497531817,1.5665143728256226,1.8789591789245603,5.0421366691589355,1.81109619140625,1.81109619140625,87,-4.293820086255751,122.3648497998931,0.1853252773131981,0.026281992594401,129058518_1923701278.jpg,"storta,bassa_risoluzione",129058518,1923701278,0.7073974609375,0.09167663753032684
1154,865,0.99821,78.94844818115234,17.56396484375,0.0500996907552083,0.0405629475911458,3.8086317962434335,2.323667526245117,3.017655611038208,5.962377548217773,1.2391204833984375,-1.2391204833984375,53,-4.9229796390532865,79.2741429563353,0.1853252773132107,0.02288818359375,129058518_1923701284.jpg,"storta,sfocata,bassa_risoluzione",129058518,1923701284,1.0048446063267034,0.09129158407449722
1154,865,0.99821,74.15436553955078,19.291379928588867,0.7720947265625,1.62506103515625,5.977565876509333,2.278719425201416,5.526185989379883,7.009891510009766,0.4409027099609375,-0.4409027099609375,160,-5.900347904919608,313.50323866936213,0.2961639170366987,0.0138422648111979,129058518_1923701288.jpg,"dominante,bassa_risoluzione",129058518,1923701288,0.4943914691273332,0.07089284062385559
1154,865,0.99821,79.73320770263672,13.561945915222168,0.4103342692057292,0.7540384928385417,6.535745702968127,0.8366352915763855,6.48197603225708,7.0664963722229,0.3129959106445312,-0.3129959106445312,114,-6.973883390932032,275.58246198772395,0.2531590367732316,0.0117721557617187,129058518_1923701294.jpg,"dominante,bassa_risoluzione",129058518,1923701294,0.6339364257420317,0.07348417490720749
1400,1050,1.47,33.6219596862793,20.26891708374023,0.1667022705078125,4.000727335611979,7.545830323550515,4.6456475257873535,5.946218490600586,17.343172073364258,2.1945648193359375,2.1945648193359375,29,-6.401440522822098,131.96440507357087,0.7346482311230977,0.0028584798177083,129194470_1927115998.jpg,"buia,dominante,storta",129194470,1927115998,3.687304825150324,0.4030701816082001
1400,1050,1.47,52.8640022277832,15.537687301635742,1.4255523681640625,0.0750223795572916,14.116854835731967,7.146305561065674,12.174395561218262,44.58323287963867,0.853546142578125,-0.853546142578125,55,-10.41435811580194,118.37788823712454,0.8769686281728525,0.0134264628092447,129194470_1927116042.jpg,"dominante,storta,sfocata",129194470,1927116042,2.6252796666996665,0.4593341648578644
1400,1050,1.47,50.675052642822266,17.01300621032715,0.8448282877604166,0.0367482503255208,12.735948990391549,7.200749397277832,10.504932403564451,32.32817459106445,0.588623046875,-0.588623046875,86,-12.159636741284178,138.16903792321682,0.3209927962332565,0.0035247802734375,129194470_1927116084.jpg,"buia,dominante",129194470,1927116084,2.3164819833156605,0.3776000440120697
1400,1050,1.47,58.39726638793945,19.637035369873047,3.660456339518229,0.3186543782552083,7.56734732743582,5.270411014556885,5.430240631103516,17.017059326171875,4.0784912109375,4.0784912109375,83,-14.377083242046028,144.44211139630838,0.5741518330064841,0.0496355692545572,129194470_1927116124.jpg,"dominante,storta",129194470,1927116124,3.1108309724839547,0.3712041974067688
1400,1050,1.47,54.393184661865234,24.608060836791992,2.236175537109375,2.908833821614583,8.159464865105507,2.7196571826934814,7.692875385284424,14.861624717712402,1.5802001953125,1.5802001953125,114,-6.813895359814384,244.2019165853595,0.4633131932829935,0.0307846069335937,129194470_1927116218.jpg,"dominante,storta",129194470,1927116218,1.5933330131513768,0.2761360704898834
1400,1050,1.47,60.939395904541016,20.567249298095703,10.152816772460938,0.0124613444010416,9.396260077869456,6.437997817993164,6.844113349914551,33.016719818115234,0.7711181640625,-0.7711181640625,64,-16.581488502061266,113.30260285416767,0.4384843140864169,0.0557861328125,129194470_1927116264.jpg,"sovraesposta,dominante,storta,sfocata",129194470,1927116264,1.890048758518997,0.4169861972332001
1400,1050,1.47,54.523468017578125,18.076854705810547,1.5551249186197915,0.0879923502604166,6.982151444397908,2.9898276329040527,6.309625148773193,27.37835121154785,1.09283447265625,1.09283447265625,110,-11.31689397150425,198.13086161944705,0.3458216754298286,0.0200716654459635,129194470_1927116314.jpg,"dominante,storta",129194470,1927116314,0.9740941762036436,0.31791940331459045
1400,1050,1.47,56.42971420288086,18.48423194885254,0.0,0.2585093180338541,8.193687443716064,4.937822341918945,6.538686752319336,20.7683162689209,0.4748687744140625,0.4748687744140625,62,-4.644446413096669,136.89328130039533,0.327645674362947,0.0018641153971354,129194470_1927116358.jpg,dominante,129194470,1927116358,1.048421860929016,0.32512810826301575
1400,1050,1.47,58.851409912109375,22.886993408203125,0.514984130859375,0.4520416259765625,9.503625101087293,5.624526023864746,7.660521984100342,20.43381690979004,0.95330810546875,0.95330810546875,58,-4.911090830443584,129.04654051157638,0.3458216754298179,0.0172869364420572,129194470_1927116416.jpg,"dominante,storta",129194470,1927116416,1.5114450122509897,0.2934962213039398
1400,1050,1.47,57.03214645385742,22.94582748413086,2.3357391357421875,1.8099466959635415,7.101508952830125,4.951866149902344,5.090230941772461,17.792917251586914,3.32763671875,3.32763671875,64,-14.99132689656602,121.21236988610892,0.438484314086406,0.0263163248697916,129194470_1927116494.jpg,"dominante,storta",129194470,1927116494,2.4938017173741978,0.27186042070388794
1575,1050,1.65375,59.67179107666016,26.972332000732425,2.823452370058565,2.781272877013177,3.575710210503081,1.8469452857971191,3.0617799758911133,9.64536952972412,0.051910400390625,-0.051910400390625,63,0.6138368077240117,236.6973989260379,0.3706505546264011,0.0513260088762811,129387976_1931859530.jpg,,129387976,1931859530,0.0,0.26876261830329895
1575,1050,1.65375,60.984352111816406,23.23715591430664,2.2844127470717424,0.4363790263543192,3.6877703701609974,2.0794286727905273,3.045591354370117,8.32833194732666,0.9094924926757812,0.9094924926757812,82,1.4921524894640377,355.3409356872354,0.4136554348898609,0.0476256519948755,129387976_1931859546.jpg,storta,129387976,1931859546,0.1063283284505208,0.16457760334014893
1575,1050,1.65375,61.32375717163086,23.7918758392334,1.0870870699121522,0.9722730600292826,2.800095707762574,1.7071926593780518,2.219465970993042,8.439043998718262,0.1209182739257812,0.1209182739257812,52,-0.3020220501450856,280.7107133474535,0.3028167951663739,0.0188835445644216,129387976_1931859570.jpg,,129387976,1931859570,0.0,0.23788410425186157
1575,1050,1.65375,48.88194274902344,24.89163589477539,0.307409864568082,3.207643210102489,3.4775973675456298,1.8382408618927,2.9520423412323,7.906023979187012,0.16888427734375,0.16888427734375,53,-1.5872423051022226,273.680338871949,0.3706505546263905,0.0076037472547584,129387976_1931859588.jpg,buia,129387976,1931859588,0.3118057250976562,0.07950858771800995
1575,1050,1.65375,51.05939483642578,22.535200119018555,0.0174437225475841,2.834747895314788,4.65117194260589,1.798587679862976,4.2893452644348145,6.864729881286621,0.0525360107421875,-0.0525360107421875,63,0.1344694081558043,229.82656003387416,0.2779879159698032,0.0008235724743777,129387976_1931859612.jpg,"buia,dominante",129387976,1931859612,0.2568535020088943,0.3468669652938843
1575,1050,1.65375,49.50013732910156,25.750423431396484,0.0919369967057101,2.739093383967789,4.508941108684313,1.885805368423462,4.095642566680908,8.435254096984863,0.1014175415039062,-0.1014175415039062,39,-1.4266891214950193,192.18824490627935,0.2713350378401051,0.0034458501098096,129387976_1931859638.jpg,"buia,dominante",129387976,1931859638,0.377221544260922,0.060571927577257156
1575,1050,1.65375,57.98448944091797,24.161394119262695,0.0078639732796486,2.1766048224743777,4.698490718015842,1.910380721092224,4.292582035064697,8.937837600708008,0.06988525390625,-0.06988525390625,54,-0.4056304012645834,242.60243948766472,0.320992796233243,0.000217331625183,129387976_1931859658.jpg,dominante,129387976,1931859658,0.1746226795039605,0.32090336084365845
1575,1050,1.65375,44.963035583496094,23.284191131591797,1.3904934571742311,1.2502287701317716,2.514754422639969,1.6933987140655518,1.8591370582580569,4.408468246459961,0.2485504150390625,0.2485504150390625,59,-1.379969378074264,254.74495379678615,0.2531590367732469,0.0194197245607613,129387976_1931859680.jpg,buia,129387976,1931859680,0.7036964416503906,0.30431005358695984
1575,1050,1.65375,38.46015930175781,24.219322204589844,0.2154728678623718,1.656867679355783,1.749579962863567,1.3596700429916382,1.1010574102401731,4.0634660720825195,0.089630126953125,0.089630126953125,74,0.1694183385430529,313.0658751757509,0.3954794338229713,0.0103761552891654,129387976_1931859694.jpg,buia,129387976,1931859694,1.3539840698242187,0.3103964328765869
1575,1050,1.65375,37.56096649169922,21.655105590820312,0.1120973645680819,3.221655380673499,3.442900811310441,2.089627742767334,2.736242294311523,7.547136783599853,0.112274169921875,-0.112274169921875,87,0.3438165551821834,285.8514981502864,0.2961639170366811,0.0033000091508052,129387976_1931859706.jpg,buia,129387976,1931859706,1.443903350830078,0.3500032424926758
1400,1050,1.47,60.26352310180664,22.45699691772461,0.051116943359375,3.589757283528646,7.272236968334032,3.1711719036102295,6.544394493103027,13.814689636230469,0.3890457153320312,0.3890457153320312,33,0.4466335051803756,532.9287874671846,2.761703158631113,0.0050036112467447,129563902_1936264646.jpg,"dominante,rumorosa",129563902,1936264646,0.99252801450425,0.08769911527633667
1400,1050,1.47,41.341033935546875,20.8311824798584,2.5842030843098955,2.7940114339192705,9.007017389110434,3.724919557571411,8.200691223144531,14.907736778259276,2.1198806762695312,-2.1198806762695312,108,15.230640296043548,266.2859618406122,0.6849904727299633,0.0278065999348958,129563902_1936264650.jpg,"buia,dominante,storta",129563902,1936264650,3.230904737902609,0.09349507093429565
788,1050,0.8274,51.30855941772461,17.99587059020996,0.3750887784090909,0.4756804435483871,11.714036689408104,3.85265851020813,11.06235408782959,19.679855346679688,6.068572998046875,-6.068572998046875,61,-29.461687124891764,119.53597312122336,0.370650554626402,0.0042176903867302,129563902_1936264654.jpg,"buia,dominante,storta,sfocata,bassa_risoluzione",129563902,1936264654,5.551102343923759,0.09631145745515823
788,1050,0.8274,51.48210144042969,18.449779510498047,0.3098652859237537,0.6708497525659823,7.119664311996095,1.2979624271392822,7.0003509521484375,13.399551391601562,3.26800537109375,-3.26800537109375,55,-3.80214504005994,108.00092572969665,0.3706505546263973,0.0040193708760997,129563902_1936264656.jpg,"buia,dominante,storta,sfocata,bassa_risoluzione",129563902,1936264656,2.710360752523611,0.103262759745121
788,1050,0.8274,54.82859420776367,14.381389617919922,0.328766495601173,0.2361935254765395,7.24694065642533,1.3910478353500366,7.112182140350342,9.37590789794922,0.3892974853515625,-0.3892974853515625,12,-6.097597016757552,61.60100333894255,0.2779879159698001,0.0047474970216275,129563902_1936264660.jpg,"dominante,sfocata,bassa_risoluzione",129563902,1936264660,1.7850517751239567,0.08547647297382355
788,1050,0.8274,54.96867370605469,14.15367317199707,0.2154308330278592,0.4328663398093841,7.002763018169963,2.5942046642303467,6.504520893096924,8.86225700378418,0.942138671875,-0.942138671875,46,-9.897230694475413,58.86953868247864,0.3325159191704481,0.0038582810208944,129563902_1936264662.jpg,"dominante,storta,sfocata,bassa_risoluzione",129563902,1936264662,1.897624224417847,0.10651294887065887
1400,1050,1.47,48.5468635559082,18.73487663269043,0.3648122151692708,0.928624471028646,6.446142500737762,1.909174919128418,6.156931400299072,8.140656471252441,0.2582168579101562,-0.2582168579101562,72,-18.503684225283973,262.5780571498844,0.9199735084363132,0.0175221761067708,129563902_1936264666.jpg,"buia,dominante",129563902,1936264666,0.9568492695936204,0.04927140101790428
1400,1050,1.47,44.4310302734375,16.951602935791016,0.0128428141276041,1.2517293294270837,7.284239640327867,2.514888048171997,6.8363356590271,9.772505760192873,1.2951812744140625,1.2951812744140625,79,-17.221459931636005,301.4780581109856,1.3965924579786937,0.0058555603027343,129563902_1936264670.jpg,"buia,dominante,storta",129563902,1936264670,1.941411065680925,0.05339100956916809
788,1050,0.8274,50.96645736694336,18.5811824798584,0.0194739736070381,0.4188336235337243,9.409584989559583,4.478377342224121,8.275531768798828,15.153422355651855,7.2513427734375,-7.2513427734375,34,-23.901505878448436,114.16997051917068,0.413655434889853,0.001619490010997,129563902_1936264672.jpg,"buia,dominante,storta,sfocata,bassa_risoluzione",129563902,1936264672,5.887146184334383,0.34176933765411377
1486,1050,1.5603,53.082706451416016,23.716064453125,1.8655850742403317,1.573425630179558,6.258559297825634,3.3560163974761963,5.282680988311768,11.694659233093262,4.51092529296875,-4.51092529296875,75,33.743012222608485,615.3342267922501,0.8091348687128286,0.0228507531940607,129563902_1973658058.jpg,"dominante,storta",129563902,1973658058,3.071923353102242,0.13721519708633423
1575,1050,1.65375,73.17583465576172,18.6325740814209,2.5785253477306003,0.0374611090775988,5.0389788560442925,2.6522326469421387,4.28450345993042,7.981658458709717,0.0076904296875,-0.0076904296875,70,-0.0538114933860628,217.40638275074969,0.3573447983670139,0.052242519216691,129577574_1936588296.jpg,dominante,129577574,1936588296,0.2597447140110731,0.25070223212242126
1575,1050,1.65375,68.1781997680664,19.78178024291992,1.4881497071742311,0.0337435944363104,5.064139940220048,3.1376614570617676,3.9749960899353023,8.46132755279541,0.15521240234375,-0.15521240234375,62,1.797806336079353,97.89780969905082,0.2961639170366518,0.0323509562591508,129577574_1936588302.jpg,"dominante,sfocata",129577574,1936588302,0.634404823404165,0.245681494474411
1575,1050,1.65375,76.8101577758789,16.84010887145996,2.5177582814787702,0.0213042185212298,3.0990344556932437,2.180366039276123,2.20227575302124,7.622347831726074,0.263946533203125,0.263946533203125,58,2.918666750590043,141.91836213111137,0.2349830357063553,0.1233314078513909,129577574_1936588306.jpg,,129577574,1936588306,0.0,0.3297366797924042
1575,1050,1.65375,74.56050109863281,15.805508613586426,0.0097227306002928,0.0145840959004392,4.775639798591531,2.255258798599243,4.209577560424805,8.30204963684082,0.1986236572265625,0.1986236572265625,67,0.3292902102718001,126.72438198806796,0.2465061586435378,0.0148786374450951,129577574_1936588312.jpg,dominante,129577574,1936588312,0.1939099496478826,0.2554764449596405
1575,1050,1.65375,81.49224090576172,14.47314453125,2.511181140190337,0.0041464586383601,3.632543400518203,-0.6932632923126221,3.5657758712768555,9.864100456237791,0.00042724609375,-0.00042724609375,75,0.2877675461184948,143.1572922608861,0.2531590367732308,0.161824842148609,129577574_1936588324.jpg,,129577574,1936588324,0.0,0.25372838973999023
1575,1050,1.65375,76.30579376220703,18.615461349487305,3.385797950219619,0.0078639732796486,5.997963879032131,2.302523612976074,5.538407325744629,10.50524616241455,0.0778350830078125,0.0778350830078125,58,1.5514948506528792,106.40668020775676,0.2531590367732269,0.1028178760980966,129577574_1936588330.jpg,"dominante,sfocata",129577574,1936588330,0.7260462996287533,0.33648329973220825
1575,1050,1.65375,76.31217956542969,18.911836624145508,0.223622803806735,0.0674871888726208,5.1936224846670775,2.6666269302368164,4.4567718505859375,7.546812057495117,0.7597732543945312,-0.7597732543945312,42,-1.1598601659473784,219.8724334729631,0.3458216754298267,0.1420977077232796,129577574_1936588346.jpg,"dominante,storta",129577574,1936588346,0.3049211240964569,0.24626827239990234
1575,1050,1.65375,78.69659423828125,18.3847599029541,0.5606298041727672,0.054332906295754,4.930875558980127,2.209878206253052,4.407944202423096,7.220519542694092,0.0264663696289062,-0.0264663696289062,43,1.1537728077902842,179.87389501568535,0.228330157576656,0.2113078216508052,129577574_1936588358.jpg,dominante,129577574,1936588358,0.2327188897450318,0.28971564769744873
1575,1050,1.65375,76.4654312133789,19.651023864746097,1.0101631131039532,0.0001429813323572,4.395531581471534,2.407714605331421,3.677445888519287,5.465562343597412,0.3303375244140625,-0.3303375244140625,48,0.1041147287530796,190.7456675771821,0.302816795166371,0.1589266105417276,129577574_1936588364.jpg,dominante,129577574,1936588364,0.0988828953678835,0.30552011728286743
1575,1050,1.65375,79.91154479980469,16.444988250732422,1.4707059846266473,0.0002859626647144,1.95143758345586,1.95143461227417,0.0034053109120577,3.8447844982147217,0.28759765625,0.28759765625,20,0.0969834566623731,157.96853261733926,0.2349830357063355,0.1867364796852123,129577574_1936588370.jpg,,129577574,1936588370,0.0,0.3257305920124054
1264,842,1.064288,62.054481506347656,24.870466232299805,0.8476906158357771,0.7201074505131965,8.99988118186379,4.8227152824401855,7.598636627197266,13.039437294006348,0.17340087890625,-0.17340087890625,81,-2.2667986591349463,499.2964727543848,0.524494074613346,0.0121826887829912,129773250_1941419720.jpg,dominante,129773250,1941419720,1.2499702954659475,0.06541074812412262
1264,842,1.064288,77.0373306274414,21.923995971679688,0.7120887554985338,0.3012738269794721,3.310086409842202,0.75856614112854,3.221994638442993,5.181238651275635,0.046356201171875,-0.046356201171875,59,0.3977791722261748,725.1661087697041,0.395479433822983,0.2850374014846041,129773250_1941419780.jpg,,129773250,1941419780,0.0,0.07260093092918396
1575,1050,1.65375,74.54254913330078,21.646635055541992,2.7099251921669105,0.1085228312591508,7.206004991067769,0.4190616607666015,7.193809509277344,15.50275993347168,0.230926513671875,0.230926513671875,85,1.963917062794364,257.0773356713761,0.320992796233274,0.1423264778550512,129773250_1941419944.jpg,dominante,129773250,1941419944,0.8015012477669423,0.08054421842098236
1575,1050,1.65375,70.37984466552734,24.512845993041992,0.0041464586383601,0.4669770314787701,4.8147837566141485,1.9161733388900757,4.417060375213623,13.641480445861816,0.744171142578125,0.744171142578125,35,3.8770499750720546,137.28622008293945,0.1853252773132013,0.1791212939238653,129773250_1941419964.jpg,dominante,129773250,1941419964,0.2036959391535371,0.12712383270263672
1575,1050,1.65375,70.14614868164062,21.67173957824707,0.7279179630307467,0.1701477855051244,3.949876718383013,1.42523193359375,3.683780670166016,12.736892700195312,0.5286636352539062,-0.5286636352539062,53,-0.91881070118343,111.47019554053212,0.1174915178531741,0.1407965775988287,129773250_1941419982.jpg,sfocata,129773250,1941419982,0.142163407657798,0.09502413868904114
1575,1050,1.65375,73.47559356689453,21.50041389465332,1.8417425420937044,0.0557627196193264,2.9779206669345553,0.9568297266960144,2.8200156688690186,17.33519744873047,0.6865081787109375,0.6865081787109375,78,-2.0335830319413875,165.74108150308422,0.2531590367732361,0.1882249153550512,129773250_1941420010.jpg,,129773250,1941420010,0.0,0.07016501575708389
1575,1050,1.65375,71.58030700683594,21.56429672241211,1.1900336292093705,0.0431803623718887,2.0861254806373433,1.807752251625061,1.0411298274993896,15.715124130249023,0.1832122802734375,0.1832122802734375,90,-0.4811357813796125,186.65353926255787,0.2283301575766665,0.1046566160322108,129773250_1941420030.jpg,,129773250,1941420030,0.0,0.07015253603458405
1575,1050,1.65375,72.85137176513672,19.952348709106445,2.712355874816984,0.0899352580527086,3.0144372693814936,2.4652175903320312,1.734800934791565,15.108731269836426,0.20367431640625,-0.20367431640625,98,0.488246262692205,206.62705724082025,0.2531590367732347,0.0919541544655929,129773250_1941420074.jpg,,129773250,1941420074,0.0,0.08344928920269012
1575,1050,1.65375,75.82544708251953,22.28632545471191,7.09516265556369,0.1751521321376281,6.643450424527079,1.514805793762207,6.468446254730225,17.318134307861328,0.1982421875,0.1982421875,36,-0.2547661968321188,176.9598408328353,0.2779879159697919,0.2236399615666178,129773250_1941420102.jpg,"sovraesposta,dominante",129773250,1941420102,0.7703788716881387,0.08981427550315857
1575,1050,1.65375,79.45016479492188,18.331472396850582,0.0913650713762811,0.054904831625183,5.717338803539859,0.7120997309684753,5.672819137573242,10.972309112548828,0.6286697387695312,-0.6286697387695312,59,1.5322230595030573,151.7347481771376,0.0678337594600213,0.1545713991581259,129773250_1941420132.jpg,dominante,129773250,1941420132,0.4293347008849648,0.1061956137418747
1154,865,0.99821,52.83559036254883,26.100902557373047,0.000762939453125,4.572804768880209,2.3859854820927295,2.2597920894622803,-0.7656803727149963,11.400708198547363,6.656257629394531,6.656257629394531,17,66.98434824978037,1488.0882859524556,2.2318611840511995,0.0006434122721354,129957918_1946034768.jpg,"storta,bassa_risoluzione",129957918,1946034768,3.937505086263021,0.06496730446815491
1154,865,0.99821,48.865264892578125,22.987932205200195,0.2381642659505208,2.3598988850911455,1.6729871328552457,1.5646469593048096,0.5922548770904541,10.652976989746094,4.277923583984375,-4.277923583984375,29,40.10773172975992,1248.2371325126137,2.802925405572392,0.0103696187337239,129957918_1946034774.jpg,"buia,storta,rumorosa,bassa_risoluzione",129957918,1946034774,2.8673728371133658,0.07742513716220856
1154,865,0.99821,55.21796798706055,24.367422103881836,0.0001271565755208,2.545928955078125,3.4148509398364415,2.08374285697937,2.705406188964844,7.974699020385742,1.745849609375,1.745849609375,103,15.322502087748598,1284.0191630433012,2.081582930708656,0.0009435017903645,129957918_1946034780.jpg,"storta,bassa_risoluzione",129957918,1946034780,0.6638997395833334,0.05688993260264397
1154,865,0.99821,49.89030456542969,25.39861488342285,0.0069936116536458,3.137334187825521,2.301099893119049,2.2784652709960938,-0.3219576478004455,11.027430534362791,3.863327026367187,3.863327026367187,22,43.52651808859278,1146.6067274907966,1.7787661355422852,0.0012766520182291,129957918_1946034784.jpg,"buia,storta,bassa_risoluzione",129957918,1946034784,2.28652089436849,0.06395316123962402
1154,865,0.99821,52.93593215942383,28.823322296142575,0.0,6.363932291666667,2.6236709855136766,2.3456361293792725,-1.1754320859909058,9.729838371276855,8.092529296875,8.092529296875,36,19.66438158021247,1146.3443857534876,1.1797854233392302,0.0005989074707031,129957918_1946034788.jpg,"storta,bassa_risoluzione",129957918,1946034788,4.89501953125,0.06943319737911224
1154,865,0.99821,53.9890022277832,26.87756729125977,0.0094095865885416,5.207188924153646,2.968854649537539,1.885366439819336,2.293358087539673,6.05735445022583,4.2054290771484375,4.2054290771484375,73,25.628557267636054,1124.6381186914691,1.2640125505439352,0.0092252095540364,129957918_1946034794.jpg,"storta,bassa_risoluzione",129957918,1946034794,2.303619384765625,0.05892690271139145
1154,865,0.99821,47.6942138671875,27.226476669311523,0.0020345052083333,6.4670562744140625,2.4306544372406917,2.3441004753112793,-0.6428638696670532,10.720325469970703,8.505508422851562,8.505508422851562,5,3.1919056757573925,1441.162237286993,2.2354264506955945,0.0008138020833333,129957918_1946034800.jpg,"buia,storta,bassa_risoluzione",129957918,1946034800,5.600917561848958,0.0529622957110405
1154,865,0.99821,53.47517013549805,24.12126922607422,0.0080108642578125,2.914174397786458,4.688171505685348,1.9332550764083865,-4.2710041999816895,8.984673500061035,5.1161956787109375,-5.1161956787109375,39,-9.547231899629832,1099.2414470016165,2.1525043016539844,0.0005594889322916,129957918_1946034804.jpg,"dominante,storta,bassa_risoluzione",129957918,1946034804,3.082839995561962,0.06343960016965866
1154,865,0.99821,50.7859001159668,27.72381019592285,0.0001271565755208,4.088719685872396,1.5050933351992932,0.3285454511642456,1.468796730041504,8.93468189239502,7.99835205078125,-7.99835205078125,43,31.015246787104054,1166.9471615820123,1.4511204611793391,0.0029474894205729,129957918_1946034808.jpg,"buia,storta,bassa_risoluzione",129957918,1946034808,4.953644688924153,0.06113485246896744
1154,865,0.99821,62.499542236328125,24.808815002441406,0.0050862630208333,1.471837361653646,1.8375865040983352,1.8145382404327393,0.2901295125484466,8.43863296508789,4.001434326171875,4.001434326171875,46,6.720436597949418,1372.2854362130408,1.8896047752657656,0.0030021667480468,129957918_1946034812.jpg,"storta,bassa_risoluzione",129957918,1946034812,2.1676228841145835,0.07072000950574875
1400,1050,1.47,56.56010437011719,21.420063018798828,0.0239054361979166,0.3265380859375,5.279475336824575,1.897105813026428,4.926849842071533,17.602109909057617,3.4245071411132812,3.4245071411132812,58,-6.691862818985555,232.24830617009945,0.3936968005007874,0.000640869140625,130018318_1947626790.jpg,"dominante,storta",130018318,1947626790,2.1028735949483313,0.3539820611476898
1400,1050,1.47,64.4203109741211,22.580400466918945,0.0044504801432291,1.7308553059895833,6.947996675776709,1.2965553998947144,6.825950622558594,9.781588554382324,0.517791748046875,0.517791748046875,29,8.72104796309374,201.49789026864485,0.2779879159698018,0.0047136942545572,130018318_1947626828.jpg,dominante,130018318,1947626828,0.7369991689441773,0.27716064453125
1400,1050,1.47,57.0058708190918,23.35494804382324,0.0,1.3730367024739585,6.944534052057922,2.561326026916504,6.454933166503906,13.936657905578612,4.0638580322265625,4.0638580322265625,72,-6.49988675197826,225.77783060799345,0.2531590367732296,7.62939453125e-06,130018318_1947626862.jpg,"dominante,storta",130018318,1947626862,2.9453722011655223,0.32424718141555786
1400,1050,1.47,48.00026321411133,26.42982292175293,0.0812530517578125,2.06756591796875,9.64411244221101,-0.6340932250022888,9.623244285583496,16.62065315246582,0.0800857543945312,0.0800857543945312,92,-8.316361716381953,255.50958560197455,0.4203083130195461,5.0862630208333336e-05,130018318_1947626900.jpg,"buia,dominante",130018318,1947626900,1.81100178914162,0.36540487408638
1400,1050,1.47,55.252933502197266,23.544090270996097,0.2368927001953125,0.2660115559895833,6.0958910815294,0.3117366135120392,6.087914943695068,9.106611251831056,5.53369140625,-5.53369140625,46,33.56250410575858,628.5314687085273,1.2657951838661523,0.0605799357096354,130018318_1947626910.jpg,"dominante,storta",130018318,1947626910,3.713100374549017,0.26186639070510864
1400,1050,1.47,52.17827224731445,25.289905548095703,0.0029246012369791,1.5977223714192708,1.9736528139981848,1.1125450134277344,1.6301990747451782,11.101332664489746,0.8441162109375,-0.8441162109375,37,42.21143484681373,1015.7505123891927,1.6382283718147168,0.0006510416666666,130018318_1947626938.jpg,storta,130018318,1947626938,0.062744140625,0.18629588186740875
1400,1050,1.47,54.335697174072266,25.96169090270996,0.2053578694661458,0.4788716634114583,5.274657201107663,0.9737032651901244,5.184005260467529,10.436878204345703,4.17236328125,-4.17236328125,103,13.234979594396496,978.827216713838,1.4626435841165193,0.0177319844563802,130018318_1947626972.jpg,"dominante,storta",130018318,1947626972,2.6002398211102493,0.2653682827949524
1400,1050,1.47,55.626705169677734,23.003995895385746,1.256688435872396,2.3830413818359375,4.726130148465929,1.1699604988098145,4.579028129577637,10.402912139892578,2.154205322265625,-2.154205322265625,19,42.128321665171306,1182.9318864659033,2.145851423524287,0.018341064453125,130018318_1947627052.jpg,"dominante,storta",130018318,1947627052,1.1176694186268987,0.17712204158306122
1400,1050,1.47,56.18088150024414,23.779464721679688,0.3353118896484375,0.0124613444010416,5.028879080293352,1.0712406635284424,4.913457870483398,10.391461372375488,0.010498046875,-0.010498046875,91,20.52833339509759,1171.278982561541,1.7109323760822652,0.004156748453776,130018318_1947627092.jpg,dominante,130018318,1947627092,0.257219770073338,0.1316332370042801
688,1028,0.707264,50.04644775390625,9.804865837097168,0.074422998366013,0.0028722426470588,1.0948531506372678,-0.2699160873889923,1.0610601902008057,6.0237812995910645,0.7375335693359375,0.7375335693359375,11,2.6774547132912705,4.116575384133497,4.905140395305263e-15,0.0007761437908496,130018318_1948034964.jpg,"buia,sfocata,bassa_risoluzione",130018318,1948034964,2.1267456348738167,0.19202500581741333
1680,755,1.2684,49.846702575683594,28.55677032470703,2.723335597826087,6.74910835597826,3.999772863106731,1.002274751663208,3.872160673141479,13.480600357055664,8.51837158203125,-8.51837158203125,50,-34.00351796441148,191.73715578939155,0.4633131932830201,0.0240595278532608,130018404_1947620926.jpg,"buia,storta",130018404,1947620926,5.394244130452473,0.06699896603822708
1680,755,1.2684,64.80680847167969,25.085723876953125,2.833305027173913,2.890412703804348,3.0593812240805245,-0.1192332208156585,3.0570569038391113,23.26252555847168,5.8608551025390625,5.8608551025390625,93,-33.05961812185039,196.35406548649692,0.43183143595674,0.0664614470108695,130018404_1947620936.jpg,storta,130018404,1947620936,3.4072367350260415,0.07523690164089203
1680,755,1.2684,55.71485900878906,26.83362579345703,0.2815047554347826,9.778150475543478,3.8471643462057985,0.6393349170684814,3.7936689853668217,7.09705114364624,0.134490966796875,-0.134490966796875,31,-8.531907623240734,121.75035448495744,0.3706505546263991,0.0113217561141304,130018404_1947620944.jpg,,130018404,1947620944,0.0,0.0539298914372921
472,1050,0.4956,61.17811584472656,28.38056182861328,3.581129280070237,5.818391955662862,4.033672893272506,1.508828043937683,3.740849494934082,4.989055156707764,1.124786376953125,-1.124786376953125,19,-20.70060195574746,13.63640408931411,0.1853252773132051,0.1305717220423617,130018404_1947620954.jpg,"dominante,storta,sfocata,bassa_risoluzione",130018404,1947620954,2.0310024064649745,0.07900915294885635
1680,755,1.2684,39.85249710083008,25.34490394592285,0.8404806385869564,6.678838315217392,3.4905556283039094,1.3691301345825195,3.2108349800109863,16.013315200805664,5.9955902099609375,-5.9955902099609375,76,-45.96201228010577,280.63258967668213,0.5311469527430236,0.0138841711956521,130018404_1947620964.jpg,"buia,storta",130018404,1947620964,4.711810429890951,0.08845199644565582
1680,755,1.2684,55.80198669433594,32.90582275390625,8.514351222826088,7.427394701086956,3.9197593192294873,0.6935244202613831,3.857918739318848,9.92405605316162,3.85321044921875,3.85321044921875,86,-36.44576798088816,286.60305257671047,0.3954794338229884,0.1211277173913043,130018404_1947620990.jpg,"sovraesposta,storta",130018404,1947620990,2.3202420884284423,0.08997689932584763
1680,755,1.2684,59.08201599121094,30.091203689575195,2.549677309782609,4.011336616847826,3.451988781336305,0.3664121031761169,3.4324872493743896,9.308588027954102,1.04937744140625,-1.04937744140625,32,-20.631010172882828,293.33268701707937,0.5063180735464706,0.0389818274456521,130018404_1947620996.jpg,storta,130018404,1947620996,0.1995849609375,0.07162753492593765
1680,755,1.2684,55.842647552490234,25.54033088684082,0.6392238451086957,8.222443953804348,3.8265759400567263,1.092718243598938,3.6672401428222656,13.18342399597168,3.0323562622070312,-3.0323562622070312,46,-34.50885649649966,310.548261616816,0.4566603151533071,0.0107188349184782,130018404_1947621018.jpg,storta,130018404,1947621018,1.5215708414713542,0.07089171558618546
1680,755,1.2684,54.98932647705078,29.724008560180664,0.8721127717391305,7.041440217391304,1.3296686450848736,-1.1318811178207395,0.697756290435791,13.66340446472168,0.5388031005859375,0.5388031005859375,41,34.080983748472896,2043.1942116144069,1.7388488667641324,0.0226817255434782,130018404_1947621180.jpg,,130018404,1947621180,0.0,0.054131388664245605
1680,755,1.2684,51.72636795043945,25.363603591918945,0.0282353940217391,0.0,1.2057381021286817,0.8086369633674622,0.8943772315979004,15.319429397583008,3.8536224365234375,-3.8536224365234375,27,26.532900344361263,1103.2994926384083,0.9031024855325526,0.012255859375,130018404_1947621190.jpg,"buia,storta",130018404,1947621190,2.096444829305013,0.05666263401508331
1575,1050,1.65375,59.02981948852539,21.847373962402344,11.228467011346998,0.0649135248901903,9.057743426840238,8.108855247497559,-4.035985946655273,22.903825759887695,1.16998291015625,-1.16998291015625,85,2.2651706093857182,1360.2566459638094,1.1864383014689035,0.1263440245241581,130034048_1947971128.jpg,"sovraesposta,dominante,storta",130034048,1947971128,2.067271164615593,0.2287438064813614
1575,1050,1.65375,55.44682312011719,23.65402030944824,10.519708546852122,0.3811882320644217,8.637308627660083,8.0034761428833,-3.2476868629455566,22.54248046875,1.98291015625,-1.98291015625,93,-3.0493140459556307,1535.8779804988935,0.944802387632883,0.1189990734809663,130034048_1947971152.jpg,"sovraesposta,dominante,storta",130034048,1947971152,2.4332381157668994,0.14121605455875397
1575,1050,1.65375,55.74338912963867,23.58817481994629,9.82696399158126,0.3405815336749633,9.79117222474339,9.439743041992188,-2.5996739864349365,20.45179748535156,1.3145980834960938,1.3145980834960938,79,-6.160551334176586,1336.3036551144123,0.951455265762561,0.1109020406295754,130034048_1947971200.jpg,"sovraesposta,dominante,storta",130034048,1947971200,2.2068881776747022,0.18194356560707092
1575,1050,1.65375,57.511497497558594,22.270496368408203,10.941932421303074,0.3337184297218155,9.4525349742231,8.525830268859863,-4.081744194030762,18.326335906982425,2.19525146484375,2.19525146484375,70,-4.371246910057625,1079.8625612212034,0.876968628172856,0.1212882046120058,130034048_1947971222.jpg,"sovraesposta,dominante,storta",130034048,1947971222,2.820827962248582,0.19059984385967255
1575,1050,1.65375,64.78278350830078,15.716731071472168,0.0244498078330893,0.0187305545387994,1.729289906712372,1.2354742288589478,1.209978103637695,10.580636978149414,1.805419921875,-1.805419921875,103,-23.666772982329796,440.6952337743527,0.4384843140864211,0.0070775759516837,130034048_1947971396.jpg,storta,130034048,1947971396,0.70361328125,0.2889077365398407
1575,1050,1.65375,69.58248138427734,15.818351745605469,0.5084416178623719,0.4556815062225476,0.7991906464856627,0.540910005569458,0.5883213877677917,17.744070053100586,2.219818115234375,-2.219818115234375,87,-4.125345401397716,435.8289940257989,0.463313193282992,0.013474560761347,130034048_1947971542.jpg,storta,130034048,1947971542,0.9798787434895834,0.28231900930404663
1575,1050,1.65375,62.03860092163086,21.06727600097656,1.8603301153001464,1.5763691892386529,1.5485168560002325,1.278770923614502,0.8732979893684387,8.414380073547363,0.9593734741210938,-0.9593734741210938,104,-0.182142529120121,946.8395010305284,0.5311469527430365,0.0290909818814055,130034048_1947971572.jpg,storta,130034048,1947971572,0.1395823160807291,0.2311650514602661
1575,1050,1.65375,80.0536117553711,20.26516342163086,26.553635157393852,0.0008578879941434,6.874803676342712,5.099513530731201,4.6106276512146,13.987688064575195,1.027313232421875,-1.027313232421875,84,1.1100696185655683,1006.8812852706264,0.4136554348898686,0.3478049505856515,130034048_1947971930.jpg,"sovraesposta,dominante,storta",130034048,1947971930,2.958939923106313,0.1393713653087616
1575,1050,1.65375,61.99411392211914,22.788686752319336,4.10985541727672,0.0639126555636896,4.230613552557019,3.9817821979522705,1.4295109510421753,15.158303260803224,0.6829071044921875,0.6829071044921875,197,-2.2655865730307063,924.2623519604872,0.5989807122030564,0.0663576363469985,130034048_1947972006.jpg,dominante,130034048,1947972006,0.0576533881392546,0.2893937826156616
1575,1050,1.65375,69.43695831298828,20.71904182434082,5.314187179721816,0.0064341599560761,2.4262155864626753,2.4240212440490723,-0.1031653061509132,19.51485061645508,1.86700439453125,-1.86700439453125,56,27.31930836610575,1243.238301240818,0.8703157500431502,0.0812906066983894,130034048_1947972134.jpg,storta,130034048,1947972134,0.7446695963541666,0.22122803330421448
1200,890,1.068,50.428123474121094,22.349637985229492,0.0,1.3791532855731226,2.515107596384139,0.144748568534851,2.510938882827759,8.033979415893555,0.4541015625,-0.4541015625,88,5.416558889196687,105.54244384366729,0.5063180735464627,8.105854743083005e-05,130094864_1949567032.jpg,"buia,sfocata",130094864,1949567032,0.3981469218601028,0.23101109266281128
673,1050,0.70665,50.14484024047851,25.061019897460938,4.9076237875469335,1.02074614752816,10.03163570594708,1.414789080619812,9.931368827819824,15.215378761291504,0.2246780395507812,-0.2246780395507812,69,-1.889865176550918,11.930566084337842,0.185325277313197,0.0548506678269712,130094864_1949568448.jpg,"buia,dominante,sfocata,bassa_risoluzione",130094864,1949568448,3.4945821343666212,0.09314478933811188
655,1050,0.68775,46.88435363769531,26.727489471435547,4.78664309911693,3.2372868453105967,8.746608057644899,3.833803176879883,7.861622333526611,13.664721488952637,0.4456787109375,-0.4456787109375,43,-0.0412188456985898,28.499514623345007,0.253159036773228,0.0533487410551157,130094864_1949568458.jpg,"buia,dominante,sfocata,bassa_risoluzione",130094864,1949568458,3.22322474025261,0.15363338589668274
651,1050,0.68355,53.118919372558594,22.59997177124023,5.5782290405569,0.6192777693704601,5.911521356454036,0.7272310256958008,5.866619110107422,8.988838195800781,0.6042556762695312,0.6042556762695312,62,-1.950350784112222,66.35378108415298,0.2779879159698128,0.0576355128253631,130094864_1949568460.jpg,"dominante,sfocata,bassa_risoluzione",130094864,1949568460,1.3719839877109592,0.13579300045967102
1300,724,0.9412,85.11896514892578,22.217754364013672,56.72337582236842,0.2191269188596491,0.4808473373489876,0.4176760613918304,0.2382453978061676,5.834312438964844,0.3646087646484375,0.3646087646484375,48,10.21927682764812,633.407106633772,2.057523899181571e-17,0.6083299067982456,130094864_1949568470.jpg,"sovraesposta,bassa_risoluzione",130094864,1949568470,-1.0,0.14230722188949585
1050,1050,1.1025,63.50537109375,15.213112831115724,0.136566162109375,0.0406265258789062,5.121356829186687,1.422332763671875,4.91988468170166,5.842509746551514,0.574310302734375,-0.574310302734375,37,-9.09993517108047,27.877546180472564,0.2779879159698022,0.0129661560058593,130094864_1949568474.jpg,"dominante,sfocata",130094864,1949568474,1.815713437622129,0.39370039105415344
1050,1050,1.1025,57.00322723388672,19.889375686645508,2.7861595153808594,0.3129005432128906,9.282054007960395,2.7479496002197266,8.865962982177734,11.368928909301758,0.2262115478515625,0.2262115478515625,121,3.754933846386315,131.30808505253572,0.3524745535595106,0.0522232055664062,130094864_1949568476.jpg,dominante,130094864,1949568476,1.320513501990099,0.21067461371421814
1050,1050,1.1025,37.45230865478515,21.770763397216797,0.7582664489746094,1.9633293151855469,3.2776728602315397,0.9567444324493408,3.134928941726685,9.805192947387695,0.27423095703125,-0.27423095703125,118,5.354987914000849,111.90405659138924,0.3391687973001326,0.0153827667236328,130094864_1949568478.jpg,"buia,sfocata",130094864,1949568478,1.589701524664997,0.2140427678823471
1050,1050,1.1025,76.7750015258789,19.5616397857666,1.171588897705078,0.0841140747070312,5.52029380944394,1.8650556802749632,5.1956915855407715,9.28411102294922,0.01611328125,-0.01611328125,90,0.0119790023223973,60.4879187038423,0.1604963981166401,0.0904159545898437,130094864_1949568480.jpg,"dominante,sfocata",130094864,1949568480,1.371941473963613,0.18864580988883972
1050,1050,1.1025,68.11979675292969,17.133684158325195,2.646160125732422,0.0054359436035156,10.23605907018311,6.984142303466797,7.483225345611572,12.535066604614258,0.20965576171875,-0.20965576171875,46,-0.5574764309291373,31.065546645447284,0.1604963981166366,0.0387744903564453,130094864_1949568484.jpg,"dominante,sfocata",130094864,1949568484,3.041255656788323,0.20638757944107056
1365,768,1.04832,50.78744125366211,20.25605010986328,0.0,1.523505316840278,6.72026410355961,0.6611831784248352,6.68765926361084,20.73932456970215,7.946258544921875,7.946258544921875,59,37.43958094378497,940.4807119043776,1.3651107006524372,5.764431423611111e-05,130190344_1951786736.jpg,"buia,dominante,storta",130190344,1951786736,5.598827597138275,0.051877185702323914
1365,768,1.04832,51.75727844238281,21.48548698425293,0.0,1.8642849392361112,6.211546075311639,1.927657961845398,5.904865741729736,25.582611083984375,2.6302032470703125,2.6302032470703125,35,50.54614715397209,802.779022510954,1.2112671806655049,7.290310329861111e-05,130190344_1951787208.jpg,"buia,dominante,storta",130190344,1951787208,1.8306275059698367,0.06380021572113037
1365,768,1.04832,56.27952575683594,19.568683624267575,0.0,1.5977647569444444,6.379090362369496,-0.5427855849266052,6.355956077575684,13.374434471130373,1.379913330078125,1.379913330078125,87,10.387781593812084,898.3971001244822,1.4941253414428155,6.612141927083333e-05,130190344_1951787212.jpg,"dominante,storta",130190344,1951787212,1.0147148106444572,0.06441634148359299
1365,768,1.04832,48.299041748046875,22.100481033325195,0.0,0.5342271592881944,7.830034242313192,-0.416827529668808,7.818931579589844,13.558208465576172,2.7593536376953125,2.7593536376953125,48,51.24601775246968,1252.852581669841,1.8647758960691907,0.0007748074001736,130190344_1951787226.jpg,"buia,dominante,storta",130190344,1951787226,2.6671734775704854,0.053576331585645676
1365,768,1.04832,52.26506042480469,18.909875869750977,0.0,0.01373291015625,9.991494387651423,0.4587972462177276,9.980955123901367,17.586830139160156,0.28070068359375,-0.28070068359375,27,6.26986990802938,222.5721058619128,0.5493229538099071,2.2040473090277777e-05,130190344_1951787232.jpg,dominante,130190344,1951787232,1.4978735969128565,0.10581942647695541
1381,768,1.060608,64.10838317871094,24.012052536010746,0.2945134007029877,1.776863192003515,4.8825794287831865,1.2876811027526855,4.709719657897949,13.75951862335205,1.5135040283203125,-1.5135040283203125,105,-15.195969604735398,186.5114010946,0.3888265556932902,0.0126026334578207,130190344_1951787250.jpg,"dominante,storta",130190344,1951787250,0.7296475427426716,0.082705058157444
1384,768,1.062912,64.99256896972656,21.498977661132812,0.1421861245598591,0.5628988776408451,3.888717747758303,1.0788981914520264,3.7360546588897705,13.2887544631958,3.286956787109375,-3.286956787109375,113,-17.350329588686556,140.15063304476112,0.3639976764967161,0.0023537219410211,130190344_1951787260.jpg,storta,130190344,1951787260,1.6913045247395833,0.10361681133508682
1373,768,1.054464,66.72148132324219,24.1484317779541,0.2559854930191972,1.2243673647469455,5.894369913153398,4.702121257781982,3.55438494682312,20.600210189819336,1.4719390869140625,1.4719390869140625,126,-13.125808623707004,223.9148330701693,0.4881420724795751,0.0224796847731239,130190344_1951787268.jpg,"dominante,storta",130190344,1951787268,0.9548852028977246,0.0832468643784523
1381,768,1.060608,63.61941146850586,23.7219295501709,0.0,1.4530014279437609,6.8443517001849825,1.0815575122833252,6.75835657119751,11.980097770690918,3.9561767578125,3.9561767578125,50,-7.865322521229221,117.9781114122938,0.3821736775635924,0.0001613301845342,130190344_1951787278.jpg,"dominante,storta,sfocata",130190344,1951787278,2.8822372400496827,0.07115799933671951
1394,768,1.070592,65.69367218017578,28.59556770324707,0.1277842420212766,3.1750401706560285,5.301495656329398,0.5356402397155762,5.274366855621338,11.97116756439209,6.0921783447265625,6.0921783447265625,91,-12.248042565874,109.01768562262592,0.3458216754298251,0.0803949883643617,130190344_1951787288.jpg,"dominante,storta,sfocata",130190344,1951787288,4.0698647168562925,0.10394619405269623
1151,797,0.917347,28.42860412597656,27.512853622436523,0.353297998942172,8.738099435825106,6.516871199757588,-0.7243572473526001,6.476489543914795,15.54518222808838,9.1552734375e-05,9.1552734375e-05,37,0.1581294796553592,1072.388109040469,0.3458216754298245,0.0061968331276445,130232894_1952965818.jpg,"buia,dominante,bassa_risoluzione",130232894,1952965818,2.986357387341741,0.08048743009567261
1151,850,0.97835,54.28352355957031,25.574853897094727,0.1060526207010582,2.147533275462963,7.4194903919676385,0.0103415064513683,7.419483184814453,29.957481384277344,0.0952911376953125,-0.0952911376953125,27,7.230867942125368,1482.8063699794857,0.5989807122030549,0.0058865017361111,130232894_1952968818.jpg,"dominante,bassa_risoluzione",130232894,1952968818,0.8548725979919096,0.1340388059616089
1049,1050,1.10145,46.87483596801758,20.99675941467285,0.0192454268292682,0.0,7.301352410945513,4.230066776275635,-5.951158046722412,12.273202896118164,4.628662109375,-4.628662109375,74,-0.0865819525986121,310.48020067508935,0.5808047111361783,0.0027696265243902,130232894_1952968826.jpg,"buia,dominante,storta",130232894,1952968826,3.923629245517954,0.16064365208148956
1049,1050,1.10145,54.6523323059082,22.341005325317383,0.0853658536585365,0.0170541158536585,5.7179040390268785,4.336284637451172,-3.727071523666382,11.29868507385254,1.563507080078125,-1.563507080078125,79,13.960904109612605,597.4317790148561,0.8769686281728641,0.0133679496951219,130232894_1952968834.jpg,"dominante,storta",130232894,1952968834,0.9718140631421364,0.1261613517999649
1049,1050,1.10145,64.66899108886719,21.944665908813477,3.0834603658536586,0.0049542682926829,7.559460945769259,1.3922967910766602,7.43013858795166,23.11919212341309,6.27984619140625,-6.27984619140625,41,41.1415937302574,331.9469727989292,0.4633131932830036,0.0487318978658536,130232894_1952968846.jpg,"dominante,storta",130232894,1952968846,4.576429364046481,0.1265784204006195
1049,1050,1.10145,62.663429260253906,21.965696334838867,4.815644054878049,0.0398246951219512,7.787001100697741,1.1401435136795044,7.703081130981445,22.837995529174805,4.2442474365234375,-4.2442474365234375,20,40.70063426773974,371.6224431479405,0.481489194349883,0.0544274009146341,130232894_1952968858.jpg,"dominante,storta",130232894,1952968858,3.27624856619006,0.16247934103012085
1049,1050,1.10145,70.59822082519531,18.823192596435547,4.606897865853658,0.0040967987804878,4.544377670912224,0.3424922227859497,4.5314531326293945,21.882469177246097,0.10321044921875,0.10321044921875,44,26.0545598705596,252.29990811572145,0.345821675429842,0.061100419207317,130232894_1952968870.jpg,dominante,130232894,1952968870,0.136094417728056,0.14369958639144897
1049,1050,1.10145,67.88033294677734,21.72913932800293,9.608803353658535,0.0,9.409674444230117,2.057375431060791,9.182003021240234,22.135339736938477,0.0776596069335937,0.0776596069335937,71,-3.363824728887928,67.96223201125744,0.2531590367732217,0.1131573932926829,130232894_1952968874.jpg,"sovraesposta,dominante,sfocata",130232894,1952968874,2.580595079569092,0.1694398671388626
1049,1050,1.10145,59.19280242919922,20.761720657348633,2.2765815548780486,9.527439024390244e-05,5.947299272572863,2.253328561782837,5.503896713256836,16.897499084472656,5.299232482910156,5.299232482910156,39,25.5908917875898,298.84196943110936,0.5559758319395954,0.0515291539634146,130232894_1952968882.jpg,"dominante,storta",130232894,1952968882,3.5196464734166533,0.21890072524547577
1049,1050,1.10145,29.590511322021484,14.098042488098145,0.0,2.473704268292683,7.7392344268975295,-4.75953483581543,6.102669715881348,12.246928215026855,0.0,0.0,2,0.0,538.1467728962805,0.7546068655121859,0.0007698170731707,130232894_1952968890.jpg,"buia,dominante",130232894,1952968890,3.175757474522234,0.19198432564735413
1151,797,0.917347,29.083589553833008,29.105487823486328,0.3315353931593794,9.005173439703809,2.7262145081262497,0.6680676937103271,2.6430912017822266,11.072386741638184,9.1552734375e-05,9.1552734375e-05,30,0.0870808892940973,968.5623889461464,0.3458216754298267,0.009280787200282,130233754_1952990152.jpg,"buia,bassa_risoluzione",130233754,1952990152,2.291641044616699,0.08228899538516998
1151,754,0.867854,56.88883209228515,29.6691951751709,0.0560322745901639,3.1548353669895675,1.8737562572292576,1.0520920753479004,1.5505046844482422,12.586155891418455,0.088165283203125,0.088165283203125,20,3.4483223367206026,1112.3013296963752,0.8836215063025201,0.0183349245529061,130233754_1952993544.jpg,bassa_risoluzione,130233754,1952993544,0.0,0.18196138739585876
1049,1050,1.10145,63.811222076416016,22.6672420501709,0.0037157012195121,0.4958079268292683,3.103844201037178,-0.1043416932225227,-3.1020898818969727,10.02490234375,1.20660400390625,-1.20660400390625,8,3.877545649685115,160.55798436363443,0.3028167951663749,0.0031688262195121,130233754_1952993552.jpg,storta,130233754,1952993552,0.3044026692708333,0.2210029810667038
1049,1050,1.10145,73.58470153808594,8.897854804992676,0.0080983231707317,0.0,8.613957544400629,-0.5448135733604431,8.596711158752441,15.743526458740234,11.401748657226562,11.401748657226562,63,-16.03867125200916,146.90020666589595,0.5808047111361726,4.573170731707317e-05,130233754_1952993566.jpg,"dominante,storta",130233754,1952993566,8.254655157584532,0.06070785969495773
1049,1050,1.10145,61.1400146484375,16.271142959594727,0.0440167682926829,0.0,5.075281185157007,3.959220170974731,-3.175382614135742,10.672764778137209,7.87774658203125,7.87774658203125,41,2.4884667558963125,413.68299237169384,0.933279264695694,0.0067092225609756,130233754_1952993576.jpg,"dominante,storta",130233754,1952993576,5.020651350976752,0.13755278289318085
1049,1050,1.10145,66.29823303222656,21.170005798339844,0.0205792682926829,0.0645960365853658,0.6704454161821376,0.3435412645339966,0.5757399201393127,7.385581016540527,1.3045654296875,-1.3045654296875,70,-3.772181366682569,188.46988774988836,0.3458216754298318,0.0258012576219512,130233754_1952993586.jpg,storta,130233754,1952993586,0.3697102864583333,0.18318875133991241
1049,1050,1.10145,52.5755729675293,24.168392181396484,0.006764481707317,1.2338986280487805,3.722469962298344,1.3925724029541016,3.452176809310913,11.406779289245604,1.090057373046875,-1.090057373046875,17,25.9229814136488,299.6949481839472,0.5741518330064818,0.0005249618902439,130233754_1952993596.jpg,storta,130233754,1952993596,0.2267049153645833,0.2414429485797882
1049,1050,1.10145,57.67935562133789,25.025842666625977,0.0060975609756097,0.8068788109756097,1.1646386138307634,0.8525398373603821,0.7934474945068359,11.146509170532228,2.3090057373046875,2.3090057373046875,14,31.491021834802236,285.49066164629113,0.4872507558184669,0.000679306402439,130233754_1952993606.jpg,storta,130233754,1952993606,1.039337158203125,0.18430198729038239
1049,1050,1.10145,29.197031021118164,12.60487461090088,9.527439024390244e-05,0.1157583841463414,3.0212172465510085,-2.715670108795166,-1.3239673376083374,5.775457382202148,0.008453369140625,0.008453369140625,3,0.0,206.1884027746597,0.4814891943498856,0.0007107469512195,130233754_1952993612.jpg,buia,130233754,1952993612,2.2802968978881837,0.049586039036512375
1049,1050,1.10145,35.03439712524414,17.712581634521484,0.0023818597560975,0.7796303353658537,4.660663831865363,1.3305442333221436,4.466703414916992,5.5239949226379395,0.0428543090820312,-0.0428543090820312,5,-0.0557540308579323,408.8751251501697,0.9084503854991232,0.0003610899390243,130233754_1952993622.jpg,"buia,dominante",130233754,1952993622,1.8617262454419263,0.23155736923217773
1154,865,0.99821,75.22887420654297,19.534936904907227,0.1099904378255208,0.0776926676432291,8.019473762088982,3.571734666824341,7.1801581382751465,14.894558906555176,0.3182373046875,-0.3182373046875,85,-3.310161043490555,256.1756108471487,0.253159036773227,0.0255368550618489,130248760_1953340616.jpg,"dominante,bassa_risoluzione",130248760,1953340616,1.0048684405222454,0.06381364911794662
1154,865,0.99821,81.31061553955078,13.37192440032959,1.5813191731770833,0.0307718912760416,9.34351904584396,3.9627773761749263,8.46154499053955,12.968228340148926,0.146636962890625,0.146636962890625,52,-0.7692881884019014,181.6668140027258,0.2779879159697923,0.0844980875651041,130248760_1953346108.jpg,"dominante,bassa_risoluzione",130248760,1953346108,1.3358797614609896,0.07693054527044296
1154,865,0.99821,73.7912826538086,18.446134567260746,0.0924428304036458,0.6051381429036458,9.531340799003916,4.028519153594971,8.638141632080078,13.987570762634276,1.0353851318359375,1.0353851318359375,57,-5.902762178231291,461.6145893784948,0.4136554348898479,0.0183334350585937,130248760_1953346180.jpg,"dominante,storta,bassa_risoluzione",130248760,1953346180,1.5730919543082706,0.04547807201743126
1154,865,0.99821,82.32556915283203,14.72500228881836,0.69427490234375,0.0227610270182291,9.241908139839548,4.14078950881958,8.262368202209473,11.186612129211426,0.010986328125,0.010986328125,40,0.5706595189337597,109.732555388937,0.1356675189200518,0.0686200459798177,130248760_1953346254.jpg,"dominante,sfocata,bassa_risoluzione",130248760,1953346254,1.4816011118109371,0.0764121562242508
1154,865,0.99821,72.41887664794922,21.7440128326416,0.3009796142578125,0.002288818359375,6.029793947320878,2.714452028274536,5.384251594543457,11.607365608215332,2.647430419921875,2.647430419921875,20,-11.14875379130854,141.68440332014708,0.2101541565097648,0.0643501281738281,130248760_1953346392.jpg,"dominante,storta,bassa_risoluzione",130248760,1953346392,1.7724021001114696,0.05655132234096527
1154,865,0.99821,69.59901428222656,20.86351776123047,0.9066263834635416,0.6441752115885417,2.7906757573735335,1.35374116897583,2.4403393268585205,24.35260009765625,2.169677734375,-2.169677734375,25,-6.3599815736312655,638.5208319707502,0.8902743844322585,0.087683359781901,130248760_1953346468.jpg,"storta,bassa_risoluzione",130248760,1953346468,0.9464518229166666,0.06940743327140808
1154,865,0.99821,79.73683166503906,15.603178024291992,0.0727335611979166,0.002288818359375,8.990638601088163,3.361047744750977,8.338761329650879,25.09882354736328,0.6576919555664062,-0.6576919555664062,50,1.7244501474422087,165.17276250726232,0.1423203970497183,0.1264864603678385,130248760_1953346566.jpg,"dominante,bassa_risoluzione",130248760,1953346566,1.2476596502720407,0.1108231395483017
1154,865,0.99821,79.6866683959961,12.521820068359377,0.060272216796875,0.0033060709635416,7.191401533065765,2.294818878173828,6.815428256988525,10.607669830322266,0.1178665161132812,0.1178665161132812,73,-2.4326163259873117,159.54106391963754,0.3706505546263938,0.020306905110677,130248760_1953346614.jpg,"dominante,bassa_risoluzione",130248760,1953346614,0.7978503832664412,0.08669503778219223
1154,865,0.99821,65.74503326416016,24.057607650756836,0.0180562337239583,0.0096638997395833,9.189167575000416,3.52221155166626,8.487333297729492,21.55507469177246,0.1787567138671875,0.1787567138671875,131,-0.9244060248419186,763.6745679084738,0.4566603151533125,0.0072441101074218,130248760_1953346704.jpg,"dominante,bassa_risoluzione",130248760,1953346704,1.2972918937501037,0.09126200526952744
1154,865,0.99821,76.43621063232422,17.963712692260742,0.354766845703125,0.009918212890625,8.983190757900308,2.734541416168213,8.556868553161621,15.10076141357422,2.19366455078125,-2.19366455078125,36,-8.09092714285541,923.9433629143216,0.6916433508596547,0.0416107177734375,130248760_1953346794.jpg,"dominante,storta,bassa_risoluzione",130248760,1953346794,2.2082407233292436,0.0576629713177681
263,391,0.102833,49.32605743408203,24.764867782592773,0.1392981069316688,1.478189676412615,6.020541604736063,1.7729146480560305,5.7535810470581055,8.00794792175293,0.9661788940429688,-0.9661788940429688,16,-1.7744215209980865,7.228282051722602,0.2779879159697999,0.0015668630913272,130314316_1954678126.jpg,"buia,dominante,storta,sfocata,bassa_risoluzione",130314316,1954678126,2.7961775529424147,0.09243963658809662
331,441,0.145971,41.46928024291992,22.05781936645508,6.88813061308651,0.9946761592741936,5.909777518847853,0.3029655218124389,5.90200662612915,7.217159271240234,0.125,-0.125,24,-4.041189927658663,14.72869890105918,0.2283301575766553,0.0721997571480938,130314316_1954678128.jpg,"buia,sovraesposta,dominante,sfocata,bassa_risoluzione",130314316,1954678128,3.373851101710969,0.06866569817066193
337,448,0.150976,39.03611373901367,19.50448226928711,3.5202172116091113,1.1639103829904482,5.887005733666234,0.137047454714775,5.885410308837891,7.471136569976807,3.0517578125e-05,-3.0517578125e-05,28,0.0670078903988404,18.776974222584528,0.2531590367732246,0.0380514959129316,130314316_1954678132.jpg,"buia,dominante,sfocata,bassa_risoluzione",130314316,1954678132,3.455190489138783,0.06828443706035614
332,447,0.148404,51.29006576538086,19.4350528717041,0.5326833303118202,0.919342594271211,2.6371725154668457,1.7169897556304932,2.0016555786132812,12.347766876220703,1.8050384521484375,-1.8050384521484375,6,-18.616271425359816,12.316616719433869,0.2779879159697906,0.0071793985678027,130314316_1954678134.jpg,"buia,storta,sfocata,bassa_risoluzione",130314316,1954678134,2.5690754462369747,0.1651022881269455
343,456,0.156408,45.82329177856445,21.29895401000977,2.1916329904481997,0.6284154573842763,6.861612769017228,-0.4385278820991516,6.847585201263428,7.498444557189941,1.62493896484375,-1.62493896484375,46,-19.097116891979592,7.874894521934769,0.2101541565097735,0.0286152185892725,130314316_1954678138.jpg,"buia,dominante,storta,sfocata,bassa_risoluzione",130314316,1954678138,3.7851184155947823,0.08727945387363434
367,485,0.177995,54.32069778442383,15.578394889831545,0.9175212490761272,0.0212923826681448,4.425599067051009,1.1550884246826172,4.272200584411621,5.247654438018799,0.059173583984375,-0.059173583984375,43,-9.04798700779619,9.556915024314588,0.2531590367732267,0.0218459846175166,130314316_1954678140.jpg,"dominante,sfocata,bassa_risoluzione",130314316,1954678140,1.9471178496908423,0.44179069995880127
288,381,0.109728,50.65233612060547,13.678448677062988,0.057080258302583,0.3367158671586716,3.930275420551941,2.346532106399536,3.15291166305542,5.283858299255371,0.32989501953125,-0.32989501953125,6,-18.85630939864641,3.480862239871357,0.2035012783800845,0.001681417204797,130314316_1954678144.jpg,"buia,sfocata,bassa_risoluzione",130314316,1954678144,2.0767520172749303,0.08091922849416733
1151,797,0.917347,31.46707534790039,31.111257553100582,0.7451626410437235,8.48507470909732,4.919973438491597,0.903079867362976,4.836381435394287,13.299681663513184,0.000244140625,-0.000244140625,38,0.260924331470189,886.2390214170559,0.2531590367732291,0.0868520803949224,130347710_1955311596.jpg,"buia,dominante,bassa_risoluzione",130347710,1955311596,2.2832858248328605,0.05579475313425064
1151,799,0.919649,65.31182861328125,27.842283248901367,1.5929918248945147,0.7857825685654009,5.298395185111854,2.4140307903289795,4.716507911682129,20.43730735778809,5.686370849609375,-5.686370849609375,60,17.51422155689428,583.4566978849958,0.2598119149029216,0.3156741715014065,130347710_1955312782.jpg,"dominante,storta,bassa_risoluzione",130347710,1955312782,3.615512696017547,0.2089722454547882
1049,1050,1.10145,66.260498046875,13.423364639282228,0.0073361280487804,9.527439024390244e-05,8.058699326664142,1.5759345293045044,7.903104782104492,25.991010665893555,11.387184143066406,-11.387184143066406,8,0.1316929878640921,228.30870095009973,0.6552913487259033,0.0001676829268292,130347710_1955312788.jpg,"dominante,storta",130347710,1955312788,8.10613092704364,0.045423902571201324
1049,1050,1.10145,61.47553634643555,15.841808319091797,0.0590701219512195,0.0003810975609756,6.944120631571807,6.136488437652588,3.2502801418304443,15.006760597229004,9.95050048828125,-9.95050048828125,12,-10.111022512482863,318.8404650385025,0.840616626039099,0.0078677591463414,130347710_1955312798.jpg,"dominante,storta",130347710,1955312798,6.869697150080452,0.15721452236175537
1049,1050,1.10145,51.52283477783203,23.38007354736328,0.0105754573170731,2.4363567073170733,4.0118793997461415,2.071479558944702,3.4357166290283203,17.078048706054688,6.6074676513671875,6.6074676513671875,43,27.145683534939423,231.42996975547885,0.3458216754298286,0.0068616615853658,130347710_1955312804.jpg,"buia,dominante,storta",130347710,1955312804,3.955664806398124,0.28905123472213745
1049,1050,1.10145,65.65403747558594,20.0150089263916,0.0481135670731707,0.1781631097560975,2.317042084556826,0.6019555926322937,2.2374837398529053,14.768905639648438,0.03778076171875,-0.03778076171875,90,5.778899601502671,180.0791356464738,0.2779879159698171,0.0138147865853658,130347710_1955312812.jpg,,130347710,1955312812,0.0,0.2581843435764313
1049,1050,1.10145,61.321197509765625,25.63827133178711,5.716463414634147,0.364329268292683,2.35261206567466,2.230271577835083,-0.7487804889678955,17.86368751525879,0.484893798828125,-0.484893798828125,54,30.6125330214695,276.7967862329922,0.3706505546264053,0.1067692454268292,130347710_1955312822.jpg,,130347710,1955312822,0.0,0.20326414704322815
1049,1050,1.10145,36.195518493652344,15.6100435256958,0.0,2.3871951219512195,2.0971075451986163,0.6684982180595398,1.9877047538757324,8.844969749450684,0.0,0.0,2,0.0,355.3537855769641,0.5741518330064856,0.0001124237804878,130347710_1955312838.jpg,buia,130347710,1955312838,1.5804481506347656,0.05980319157242775
1049,1050,1.10145,33.69744110107422,15.563281059265137,0.0003810975609756,3.7475228658536586,1.604956683128038,-0.0018004786688834,-1.6049556732177734,4.169023513793945,0.0,0.0,2,0.0,421.4147049176545,0.4384843140864249,0.000256288109756,130347710_1955312846.jpg,buia,130347710,1955312846,1.830255889892578,0.09375414997339249
1049,1050,1.10145,35.078125,19.20414161682129,0.0011432926829268,1.0731707317073171,2.9140287978647943,-2.7534422874450684,0.954001784324646,10.329510688781738,0.04986572265625,-0.04986572265625,16,-0.1663717099406358,473.8565494096328,0.4699660714126903,0.0001886432926829,130347710_1955312858.jpg,buia,130347710,1955312858,1.6921875,0.20042429864406586
1151,797,0.917347,29.46278953552246,29.411008834838867,0.353297998942172,8.616889985895627,8.084782448556041,0.4450419843196869,8.072524070739746,11.81059741973877,9.1552734375e-05,9.1552734375e-05,46,0.3059933898374792,1068.6523070746723,0.3458216754298273,0.0081885247708039,130662340_1963067206.jpg,"buia,dominante,bassa_risoluzione",130662340,1963067206,3.274916658586764,0.078122578561306
1049,1050,1.10145,53.96304702758789,27.56384658813477,0.0529725609756097,2.47265625,6.80237861504787,0.972610354423523,6.732487201690674,17.840652465820312,0.1856231689453125,0.1856231689453125,61,9.04495775576003,537.3061381359847,0.463313193283002,0.0150447789634146,130662340_1963067212.jpg,dominante,130662340,1963067212,0.7005946537619674,0.08256540447473526
1049,1050,1.10145,66.29620361328125,20.438432693481445,0.0745045731707317,0.0290586890243902,6.000346328378927,1.1822127103805542,5.8827314376831055,19.42402076721191,0.0947113037109375,0.0947113037109375,10,5.253072171933722,207.39935541948253,0.3706505546264008,0.0489919969512195,130662340_1963067214.jpg,dominante,130662340,1963067214,0.5000865820947318,0.13305510580539703
1049,1050,1.10145,59.379581451416016,22.0100040435791,0.0606897865853658,0.1549161585365853,5.990969566029832,0.1901918947696685,5.987949848175049,21.083078384399418,6.837028503417969,-6.837028503417969,14,18.18684440309737,320.3051140449329,0.5311469527430204,0.0190758384146341,130662340_1963067222.jpg,"dominante,storta",130662340,1963067222,4.555761393786104,0.1558695137500763
1049,1050,1.10145,52.504032135009766,24.242151260375977,0.0154344512195121,0.6203315548780488,7.511456403080586,0.2872264087200165,7.50596284866333,19.992795944213867,0.6389541625976562,0.6389541625976562,12,42.367571620266006,211.42680929570787,0.4814891943498477,0.0048818597560975,130662340_1963067224.jpg,dominante,130662340,1963067224,0.8778641007701464,0.15229815244674683
1049,1050,1.10145,64.63511657714844,23.15017890930176,0.0899390243902439,0.0801257621951219,2.0439990317901646,0.1364044398069381,2.039442539215088,16.83968734741211,1.0604019165039062,1.0604019165039062,47,16.15183736074015,251.5315140493335,0.370650554626402,0.0578591844512195,130662340_1963067226.jpg,storta,130662340,1963067226,0.2069346110026041,0.18932795524597168
1049,1050,1.10145,67.16525268554688,23.359880447387695,0.6139481707317074,0.0003810975609756,1.9882596023875097,0.2932286262512207,1.9665180444717407,14.457511901855469,6.5283203125,-6.5283203125,11,27.71649024145577,256.77058820171914,0.413655434889861,0.1452677210365853,130662340_1963067228.jpg,storta,130662340,1963067228,3.8522135416666665,0.13154560327529907
1049,1050,1.10145,56.12496566772461,17.581518173217773,0.0832698170731707,0.0040967987804878,6.75908038746617,3.732837915420532,-5.634810447692871,12.898771286010742,0.0,0.0,2,0.0,144.58593163415384,0.4318314359567593,0.0044073932926829,130662340_1963067232.jpg,dominante,130662340,1963067232,0.6897700968665426,0.0731903463602066
1049,1050,1.10145,31.3542423248291,25.73601531982422,0.0109565548780487,14.842416158536588,3.1607909004684287,2.143540143966675,2.3228936195373535,8.717041969299316,0.02008056640625,-0.02008056640625,8,-0.2013900337597143,146.187154154282,0.3458216754298278,0.0048027820121951,130662340_1963067234.jpg,buia,130662340,1963067234,2.06457576751709,0.06559708714485168
698,1050,0.7329,42.08189010620117,27.34842872619629,0.0681057224025974,15.760387073863637,11.859146909656795,2.971891164779663,11.480732917785645,16.272348403930664,0.02960205078125,0.02960205078125,64,-0.3033854086489777,279.5465901248386,0.4021323119526685,0.0025187702922077,130662340_1963181212.jpg,"buia,dominante,bassa_risoluzione",130662340,1963181212,2.9565977167940813,0.08320034295320511
1500,1000,1.5,60.835670471191406,27.074800491333008,1.845746019399707,3.725235633235725,0.5967103830909622,-0.5289550423622131,-0.2761699557304382,6.837062835693359,1.055908203125,1.055908203125,148,0.2950517475473231,329.1731722031015,0.6419855924665039,0.0451549345717423,130672544_1963290080.jpg,storta,130672544,1963290080,0.2039388020833333,0.13041016459465027
1500,1000,1.5,56.4572868347168,25.876794815063477,3.5626658583455346,1.3630410413616398,3.810670670244851,-0.7795425057411194,3.730083703994751,8.076397895812988,0.0202865600585937,0.0202865600585937,161,-1.0001482568099147,219.71400774437564,0.4881420724795619,0.0621210994692532,130672544_1963290086.jpg,,130672544,1963290086,0.0,0.10037821531295776
1500,1000,1.5,57.2269401550293,26.907957077026367,1.0549162701317716,5.957746156661786,3.561683991181856,1.770772099494934,3.0903007984161377,6.627878189086914,0.5501785278320312,0.5501785278320312,102,1.9498208391079992,174.67977109697725,0.5311469527430287,0.0243497209004392,130672544_1963290100.jpg,,130672544,1963290100,0.0,0.20248684287071228
1500,1000,1.5,62.47268295288086,18.350244522094727,0.0037175146412884,0.0334576317715959,0.2127961693561297,-0.0380659960210323,-0.2093637734651565,6.0648193359375,0.063385009765625,0.063385009765625,33,-0.16261261739898,404.15609059357587,0.388826555693282,0.0025908217423133,130672544_1963290104.jpg,,130672544,1963290104,0.0,0.16935771703720093
1500,1000,1.5,52.88492202758789,28.96019172668457,0.9676976573938506,6.935309525988287,4.048102104418057,0.141779139637947,4.045618534088135,6.726336479187012,0.2425994873046875,-0.2425994873046875,60,-3.34877441933351,140.1742069336079,0.3706505546263997,0.0043266151171303,130672544_1963290952.jpg,dominante,130672544,1963290952,0.0120255261045143,0.23033946752548218
1500,1000,1.5,45.465370178222656,21.028274536132812,0.0002859626647144,0.2969722273060029,2.0783125620497453,1.400402307510376,1.5356615781784058,5.916651725769043,0.2608642578125,0.2608642578125,87,-0.6976080002898734,524.1738052044092,0.7909588676459449,5.862234626647145e-05,130672544_1963290958.jpg,buia,130672544,1963290958,0.6534629821777344,0.20356148481369019
1500,1000,1.5,56.38798904418945,27.56212043762207,0.7462195735724744,2.298710880307467,2.0507222063902812,1.105940818786621,-1.7269500494003296,8.942341804504395,0.3159942626953125,-0.3159942626953125,68,-3.5895973035545796,158.49636522310524,0.4451371922161265,0.0339766540080527,130672544_1963291212.jpg,,130672544,1963291212,0.0,0.19215868413448334
1500,1000,1.5,55.12193298339844,22.450469970703125,0.0041464586383601,0.6605737554904831,3.3994717855974272,-1.058855414390564,3.230361223220825,7.02844762802124,0.174896240234375,-0.174896240234375,25,-6.3598033557745195,461.21977733869784,0.8884917511100451,0.004588270955344,130672544_1963291220.jpg,,130672544,1963291220,0.0,0.10611891001462936
1574,1050,1.6527,55.04750442504883,24.2227783203125,0.3911969253294289,4.811178852489019,1.2999418679790375,-1.0622764825820925,-0.7492780089378357,4.712212085723877,0.2612991333007812,0.2612991333007812,117,0.2548407373312507,140.04578245933317,0.3458216754298174,0.0092051381771595,130672544_1963291874.jpg,,130672544,1963291874,0.0,0.28512993454933167
1574,1050,1.6527,61.1920051574707,22.544771194458008,0.1301130124450951,2.051353175329429,1.6955456480426023,0.2890740633010864,1.6707217693328855,3.582582473754883,0.34442138671875,0.34442138671875,118,-1.0053433653444954,175.99976590113587,0.253159036773227,0.0167631314055636,130672544_1963291900.jpg,,130672544,1963291900,0.0,0.2300049513578415
1400,1050,1.47,60.460174560546875,21.47297477722168,0.7441202799479167,1.311492919921875,9.349710080239104,-0.2969399988651275,9.344993591308594,10.72150707244873,1.1826248168945312,-1.1826248168945312,57,-10.09719858883166,255.31098221438393,0.3706505546264246,0.0134595235188802,130820038_1966709258.jpg,"dominante,storta",130820038,1966709258,1.6258440646561303,0.08831516653299332
1400,1050,1.47,61.054840087890625,20.447463989257812,1.9818623860677085,0.263214111328125,8.960938695189038,-1.6724510192871094,8.803483963012695,11.839879035949709,1.3662261962890625,1.3662261962890625,43,-13.376189164254075,217.63673749751695,0.4136554348898518,0.023572285970052,130820038_1966709266.jpg,"dominante,storta",130820038,1966709266,1.6510521379899676,0.3902633488178253
1680,945,1.5876,65.35533905029297,17.625808715820312,1.0255601671006944,0.2888997395833333,7.8944412379085955,-0.2437299340963363,7.89067792892456,10.794658660888672,2.52117919921875,-2.52117919921875,41,-25.97226799245393,364.6509107084554,0.5493229538099001,0.0134396023220486,130820038_1966709272.jpg,"dominante,storta",130820038,1966709272,2.1543964422896487,0.28293848037719727
1400,1050,1.47,70.99616241455078,23.48905372619629,1.5216827392578125,1.1835734049479163,8.918301253524566,-2.6543633937835693,8.514132499694824,11.666626930236816,0.4314117431640625,-0.4314117431640625,72,-0.1771509012012192,310.23513822536756,0.48814207247957,0.0448277791341145,130820038_1966709276.jpg,dominante,130820038,1966709276,1.2295753133811416,0.16726134717464447
1400,1050,1.47,47.79620361328125,19.240942001342773,0.0952402750651041,0.20599365234375,3.91443638712099,0.9763177633285522,3.7907276153564458,6.4384684562683105,2.4310150146484375,-2.4310150146484375,55,-10.346674763601698,97.9601603626102,0.0926626386565981,0.0016835530598958,130820038_1966709278.jpg,"buia,storta,sfocata",130820038,1966709278,1.90838697572733,0.28587689995765686
1400,1050,1.47,53.294925689697266,17.894067764282227,0.2745310465494791,0.562286376953125,7.618143708417069,1.309714674949646,7.504715919494629,9.827780723571776,0.9327392578125,-0.9327392578125,55,-7.938845503778664,262.38978029249444,0.345821675429828,0.0060615539550781,130820038_1966709282.jpg,"dominante,storta",130820038,1966709282,1.0263620989792672,0.238369882106781
1400,1050,1.47,53.8984260559082,19.591583251953125,0.3261566162109375,0.4338582356770833,9.622795658749322,-0.2642275691032409,9.61916732788086,14.424229621887209,0.8563613891601562,0.8563613891601562,74,-10.362675302003831,194.14200718809377,0.2531590367732295,0.0055783589680989,130820038_1966709286.jpg,"dominante,storta",130820038,1966709286,1.476606507460768,0.22241289913654327
1400,1050,1.47,62.8746337890625,16.000829696655273,0.4526774088541667,0.2696990966796875,4.85995561441327,0.7309849858283997,4.8046674728393555,9.085700988769531,3.0614013671875,-3.0614013671875,61,-9.957438042308484,114.31576522747572,0.2531590367732276,0.0031344095865885,130820038_1966709290.jpg,"dominante,storta,sfocata",130820038,1966709290,1.8506603946037223,0.341587632894516
768,1024,0.786432,52.77140426635742,20.130929946899418,0.4618103250915751,0.5194024725274725,8.562643995967205,3.2843995094299316,7.907691955566406,14.035516738891602,2.904014587402344,-2.904014587402344,92,-6.940381169960527,55.97498343913693,0.1356675189200444,0.0044571314102564,130820038_1966709294.jpg,"dominante,storta,sfocata,bassa_risoluzione",130820038,1966709294,3.643754333274415,0.3108280897140503
768,1024,0.786432,48.134788513183594,19.581918716430664,0.0002146291208791,2.1065132783882787,7.306348557326326,2.3258090019226074,6.926279067993164,19.55189323425293,4.926811218261719,4.926811218261719,57,-27.07778351886416,133.2472434027165,0.2101541565097728,1.860119047619048e-05,130820038_1966709300.jpg,"buia,dominante,storta,bassa_risoluzione",130820038,1966709300,3.9976491001877017,0.1557905226945877
1280,960,1.2288,56.95548629760742,24.915794372558594,0.1393636067708333,0.8928934733072916,9.355182542739676,1.2162857055664062,9.275779724121094,12.442631721496582,3.631759643554687,-3.631759643554687,47,-22.328162170311288,172.84478250854104,0.6734673497927686,0.0141334533691406,130839098_1967114120.jpg,"dominante,storta",130839098,1967114120,3.2599687313880437,0.0883861780166626
1280,960,1.2288,51.93438720703125,24.765180587768555,0.0278472900390625,0.6922403971354167,4.556055962609174,-0.011582207866013,4.556041240692139,5.1752495765686035,1.1351165771484375,-1.1351165771484375,110,-2.9128911136463636,452.95547574323746,0.8769686281728576,0.0154965718587239,130839098_1967114606.jpg,"buia,dominante,storta",130839098,1967114606,0.4023196547147936,0.05322140455245972
1280,960,1.2288,56.53431701660156,19.32842063903809,0.2133687337239583,0.4901885986328125,8.412112533766315,0.5252305865287781,8.395699501037598,10.138680458068848,1.3981170654296875,1.3981170654296875,22,7.891992686031363,201.2901966419627,0.6171567132699399,0.0134557088216145,130839098_1967114626.jpg,"dominante,storta",130839098,1967114626,1.5351061770613703,0.07613366097211838
1280,960,1.2288,56.63514709472656,21.949291229248047,0.2216339111328125,1.691436767578125,7.4296038830256785,1.2342171669006348,7.326371669769287,9.352753639221191,4.7120819091796875,4.7120819091796875,38,-8.885901562153288,228.87613035404743,0.6056335903327301,0.0200551350911458,130839098_1967114650.jpg,"dominante,storta",130839098,1967114650,3.4987889102095444,0.05451173707842827
1280,960,1.2288,55.51643753051758,19.427486419677734,0.0581105550130208,3.958257039388021,7.163629985521131,0.3536491692066192,7.154895305633545,7.536293506622315,1.53961181640625,-1.53961181640625,40,-4.422749986951719,153.65339236291118,0.5014478287389473,0.0048128763834635,130839098_1967114694.jpg,"dominante,storta",130839098,1967114694,1.3173153739844494,0.0664549469947815
1280,960,1.2288,51.2230110168457,15.58773422241211,0.0,0.1581827799479166,7.988144127757289,1.4198228120803833,7.860950946807861,15.537919044494627,3.5650787353515625,3.5650787353515625,68,-8.717957610765943,103.63738878901574,0.3706505546263996,0.0,130839098_1967114710.jpg,"buia,dominante,storta,sfocata",130839098,1967114710,3.224164274005531,0.07874768227338791
1280,960,1.2288,53.26740646362305,24.607154846191406,0.5096435546875,0.4435221354166667,8.267996176531572,1.015447020530701,8.205402374267578,12.828727722167969,1.5621337890625,-1.5621337890625,29,-7.195789714005219,239.80710031452892,0.6668144716630696,0.0251083374023437,130839098_1967114728.jpg,"dominante,storta",130839098,1967114728,1.6084215701745594,0.07745133340358734
1280,960,1.2288,54.34577941894531,22.032560348510746,0.28076171875,1.053619384765625,12.142920261025427,2.615668773651123,11.857857704162598,12.28911590576172,0.253082275390625,0.253082275390625,43,-3.3739286916929685,185.11751500107735,0.5741518330064707,0.0027211507161458,130839098_1967114748.jpg,dominante,130839098,1967114748,2.035730065256357,0.08482679724693298
1280,960,1.2288,45.26999282836914,17.462594985961914,0.0064849853515625,0.0813802083333333,8.302868663930797,1.3678910732269287,8.189414024353027,10.253656387329102,2.1314697265625,-2.1314697265625,50,-14.955199820906556,125.04460880853004,0.7594771103196916,1.6530354817708332e-05,130839098_1967114770.jpg,"buia,dominante,storta",130839098,1967114770,2.6696977008541185,0.09628275036811829
1280,960,1.2288,52.06341552734375,27.150543212890625,0.0516255696614583,0.7169087727864583,3.7979271188681025,-0.1047317460179328,3.796482801437378,4.160375118255615,1.2680435180664062,1.2680435180664062,36,-2.7758176658007976,746.8537666648626,1.080469906552935,0.0038948059082031,130839098_1967114798.jpg,storta,130839098,1967114798,0.3453623453776042,0.051396723836660385
1577,1050,1.65585,54.99517822265625,18.050018310546875,0.2839477181085044,0.090210318914956,2.660178897278659,-1.4233735799789429,2.247344970703125,21.348876953125,0.0791091918945312,0.0791091918945312,125,0.630554823507933,954.8347217443234,0.7164722300562347,0.0156221361803519,130906892_1968596732.jpg,,130906892,1968596732,0.0,0.25438228249549866
1577,1050,1.65585,40.574424743652344,18.031225204467773,0.0213354563782991,1.8185254765395893,4.805475765456602,-3.2568905353546143,3.5334489345550537,11.92813205718994,0.2506103515625,-0.2506103515625,145,-1.8656571356461031,1251.8686075356477,1.3965924579786924,0.0026375778958944,130906892_1968596754.jpg,"buia,dominante",130906892,1968596754,1.343926466998916,0.27933260798454285
1577,1050,1.65585,62.61758804321289,15.746774673461914,0.4076647269061584,0.1262944464809384,6.9504239151363985,3.4708433151245117,6.021763801574707,13.152548789978027,0.06231689453125,-0.06231689453125,95,0.6489675362070246,190.37465138657257,0.5808047111361783,0.0092114758980938,130906892_1968596766.jpg,dominante,130906892,1968596766,0.7376059787840996,0.324645459651947
1575,1050,1.65375,55.23500442504883,20.493602752685547,0.2256245424597364,0.5417562683016105,4.074415304951918,0.9432771801948548,3.963721513748169,14.996397018432615,0.25823974609375,-0.25823974609375,86,-0.2404121058994668,277.4031526448986,0.4136554348898503,0.0117001624267935,130906892_1968596774.jpg,dominante,130906892,1968596774,0.0186038262379795,0.3530319333076477
1575,1050,1.65375,67.29387664794922,19.53886604309082,0.2885363286969253,0.2359191983894582,4.5914543695249845,1.7769598960876465,4.233658790588379,14.850264549255373,0.0135498046875,0.0135498046875,41,0.0288359475921699,131.90497129912347,0.2531590367732323,0.049232762170571,130906892_1968596782.jpg,dominante,130906892,1968596782,0.1478635923812461,0.3027838170528412
1575,1050,1.65375,66.1677474975586,19.51714515686035,0.168146046852123,0.0418935303806735,3.5468564295265375,1.5917389392852783,3.169630527496338,16.214998245239258,0.0,0.0,58,-0.3623131478016526,200.79231378355647,0.3458216754298177,0.0162798545021961,130906892_1968596792.jpg,,130906892,1968596792,0.0,0.3446384072303772
1575,1050,1.65375,58.85226058959961,19.466917037963867,0.5340352763543191,0.0777818448023426,5.8792805372604,2.9392952919006348,5.091805458068848,10.738689422607422,0.50897216796875,-0.50897216796875,47,1.3350326313333971,135.95353531461862,0.1853252773132092,0.0227454703513909,130906892_1968596810.jpg,dominante,130906892,1968596810,0.4698201343151,0.28688743710517883
1575,1050,1.65375,52.6454963684082,25.989398956298828,4.638743365666179,0.8746168100292826,2.3293605699078257,-1.8172553777694704,-1.4572246074676514,12.956117630004885,0.0335693359375,-0.0335693359375,240,-1.023708057986723,1176.1800634233368,1.451120461179343,0.1050197886163982,130906892_1968596824.jpg,,130906892,1968596824,0.0,0.23035962879657745
1575,1050,1.65375,52.31517791748047,26.624008178710938,8.044558702415813,0.5383247163250366,3.386339774409995,-2.2100400924682617,-2.565739631652832,13.630742073059082,0.235443115234375,-0.235443115234375,71,-4.929280498402331,1313.953699492849,1.5850053467772007,0.1006045250732064,130906892_1968596838.jpg,sovraesposta,130906892,1968596838,0.2044558702415813,0.2456517219543457
1575,1050,1.65375,48.240596771240234,23.238330841064453,0.0060052159590043,3.5316389092240117,1.8902377443986804,1.2942028045654297,1.377692937850952,17.33506202697754,0.102874755859375,0.102874755859375,48,-0.3059787705489298,1233.655767255775,0.9629783886997468,0.0048842423133235,130906892_1968596856.jpg,buia,130906892,1968596856,0.3759403228759765,0.1973743438720703
1400,1050,1.47,55.42152786254883,20.650789260864254,0.0048319498697916,0.3743489583333333,8.307544158701665,0.6072803139686584,8.285318374633789,23.64048194885254,5.7806243896484375,-5.7806243896484375,47,31.07312219889697,528.280807077883,0.413655434889857,0.0005785624186197,130920956_1968907250.jpg,"dominante,storta",130920956,1968907250,4.430635632774375,0.080575130879879
1400,1050,1.47,58.97531509399414,23.49528694152832,0.0025431315104166,0.8444468180338541,8.69396882594894,3.122790813446045,8.113770484924316,20.038631439208984,1.82720947265625,1.82720947265625,84,13.93520996591783,588.4480833451508,0.4136554348898719,0.0044199625651041,130920956_1968907256.jpg,"dominante,storta",130920956,1968907256,1.8916318549247348,0.08687746524810791
1400,1050,1.47,55.49045944213867,23.491439819335938,0.241851806640625,4.795964558919271,2.679771318494829,-2.1961185932159424,1.5356553792953491,8.318930625915527,0.0,0.0,2,0.0,649.410604902257,1.080469906552937,0.0080299377441406,130920956_1968907270.jpg,,130920956,1968907270,0.0,0.07492829114198685
1680,945,1.5876,66.49784088134766,19.376127243041992,2.202351888020833,0.09307861328125,5.629789345889775,3.12043833732605,4.685871601104736,9.536767959594728,0.16009521484375,-0.16009521484375,78,0.8376713868901416,362.10706515991944,0.6419855924664943,0.0608334011501736,130920956_1968907302.jpg,dominante,130920956,1968907302,0.4074473364724438,0.07551021128892899
1680,945,1.5876,62.83466339111328,19.91309928894043,0.0939263237847222,0.2824571397569445,3.893532408061765,1.784022331237793,3.4607598781585693,10.45778751373291,0.190673828125,-0.190673828125,66,-0.6380276252730176,159.1671091300539,0.3458216754298245,0.0197397867838541,130920956_1968907308.jpg,,130920956,1968907308,0.0,0.08602694422006607
1680,945,1.5876,56.81288528442383,21.371049880981445,0.0,0.8543226453993056,5.323850264932957,2.9695887565612793,4.418701648712158,10.57645034790039,0.0191650390625,0.0191650390625,103,0.2541602121497775,211.7081877530558,0.3639976764967213,0.0010274251302083,130920956_1968907320.jpg,dominante,130920956,1968907320,0.3309625662332391,0.1247904971241951
1680,945,1.5876,53.19898986816406,21.67995834350586,0.2705891927083333,0.0328911675347222,6.817300375933351,2.8665239810943604,6.1853556632995605,14.20847511291504,0.10052490234375,-0.10052490234375,96,-0.4873105252679074,231.1569484118602,0.6916433508596598,0.0225270589192708,130920956_1968907330.jpg,dominante,130920956,1968907330,0.7043250939833376,0.1059718206524849
1680,945,1.5876,60.35137176513672,18.831953048706055,0.0071207682291666,0.4353841145833333,2.3366258672249036,0.754656970500946,2.2114052772521973,5.176859378814697,0.059295654296875,0.059295654296875,26,0.8887913467481247,79.644253166174,0.6105038351402394,0.0005391438802083,130920956_1968907340.jpg,sfocata,130920956,1968907340,0.6725957805637667,0.08950269967317581
1680,945,1.5876,58.82435989379883,15.873092651367188,0.0003390842013888,0.3560384114583333,4.532591213523312,1.7988309860229492,4.1603593826293945,9.179272651672363,0.067108154296875,-0.067108154296875,34,-1.540368694751021,187.90570695967023,0.5989807122030547,0.0040096706814236,130920956_1968907354.jpg,dominante,130920956,1968907354,0.133147803380828,0.1083071306347847
1400,1050,1.47,50.7335205078125,22.890945434570312,0.0077565511067708,0.6665547688802083,11.678871159342766,3.5290422439575195,11.132919311523438,21.340789794921875,0.9429092407226562,-0.9429092407226562,34,-2.979986550873201,700.523928454998,1.219702692117376,0.0003878275553385,130920956_1984992058.jpg,"buia,dominante,storta",130920956,1984992058,2.1749718995362124,0.08163364231586456
1400,1050,1.47,45.01689529418945,25.345542907714844,0.2702077229817708,4.921468098958334,4.073076190715098,2.0366220474243164,3.527338981628418,6.911789417266846,1.914222717285156,-1.914222717285156,105,-5.416497366931164,328.0013382998667,0.4136554348898549,0.0034052530924479,130940330_1969350590.jpg,"buia,dominante,storta",130940330,1969350590,1.4927279964499334,0.2635529637336731
1400,1050,1.47,45.16659927368164,25.33428192138672,0.4678090413411458,7.477696736653645,11.659497629608286,1.9456672668457031,11.496010780334473,13.281949043273926,0.9357070922851562,-0.9357070922851562,126,-1.6993356360221792,657.9066889056056,0.5674989548767909,0.0032310485839843,130940330_1969350600.jpg,"buia,dominante,storta",130940330,1969350600,2.7220192082240113,0.1814032644033432
1400,1050,1.47,44.51215744018555,26.547399520874023,0.0497182210286458,6.19354248046875,9.059689842853722,1.39618980884552,8.951459884643555,13.36377239227295,0.743988037109375,-0.743988037109375,113,-1.22152687260138,558.5969187269462,0.5741518330064842,0.0002911885579427,130940330_1969350612.jpg,"buia,dominante",130940330,1969350612,2.013706716694876,0.16909028589725494
787,1050,0.82635,44.61567687988281,17.51218032836914,0.0062196879575402,0.9142941297584188,4.4675499077374985,1.3776872158050537,4.249821186065674,13.538200378417969,0.78900146484375,-0.78900146484375,31,-0.0759187574844618,169.8507792316802,0.3458216754298268,0.0011431357521961,130940330_1969350620.jpg,"buia,dominante,storta,bassa_risoluzione",130940330,1969350620,0.8813207655085934,0.20828557014465332
492,781,0.384252,53.176116943359375,24.16613388061523,0.0548677884615384,1.31015625,6.127543795896002,3.529582262039185,5.008876323699951,13.31093978881836,1.2377700805664062,-1.2377700805664062,75,19.42402979313426,58.040956500784425,0.2779879159697976,0.1000234375,130940330_1969350622.jpg,"dominante,storta,sfocata,bassa_risoluzione",130940330,1969350622,1.8897167276718645,0.10749495774507523
1400,1050,1.47,49.53866958618164,24.889123916625977,0.8385976155598959,0.9839375813802084,2.1609206950917788,1.81697678565979,1.1696895360946655,9.784692764282228,0.9113388061523438,-0.9113388061523438,95,-2.943992361616466,685.280584257691,0.9017975073694317,0.010223388671875,130940330_1969350628.jpg,"buia,storta",130940330,1969350628,0.3536922454833984,0.18895302712917328
787,1050,0.82635,51.116455078125,24.052549362182617,0.0825717194363103,0.8974938232064421,4.389135759056334,1.103980302810669,4.248027801513672,8.482682228088379,1.986785888671875,-1.986785888671875,123,-1.9833314163694653,115.00006148192182,0.3458216754298291,0.0050422366855783,130940330_1969350632.jpg,"buia,dominante,storta,sfocata,bassa_risoluzione",130940330,1969350632,1.0934946663674696,0.4012667238712311
1400,1050,1.47,62.0280647277832,13.200711250305176,0.0751495361328125,0.2100626627604166,9.888745705970276,2.148131847381592,9.652606964111328,10.744174003601074,0.19219970703125,-0.19219970703125,125,-5.570111529451258,394.9068888315863,0.574151833006468,0.0009816487630208,130940330_1969350640.jpg,dominante,130940330,1969350640,1.472186426492569,0.3519356846809387
1400,1050,1.47,55.47324752807617,22.567079544067383,0.03509521484375,0.4099527994791667,8.589209148923592,2.606090784072876,8.18430233001709,13.811841011047363,1.60821533203125,-1.60821533203125,159,12.33105731558145,694.843849951395,1.8660808742322927,0.0102780659993489,130940330_1969350650.jpg,"dominante,storta",130940330,1969350650,1.719445841918398,0.1505175679922104
1400,1050,1.47,59.34360885620117,16.28215980529785,0.0386555989583333,0.1001993815104166,7.73824148467376,1.2126893997192385,7.642628192901611,8.565604209899902,0.160400390625,-0.160400390625,97,-0.1384944669436545,200.1124063931962,0.4203083130195395,0.00518798828125,130980164_1970195826.jpg,dominante,130980164,1970195826,0.93456037116844,0.2689780592918396
1400,1050,1.47,62.34654235839844,13.345388412475586,0.1104990641276041,0.0904083251953125,7.968558727305841,0.6606135368347168,7.941128253936768,9.031105041503906,0.0,0.0,57,-3.306289976310295,141.6122220529538,0.27798791596982,0.0024744669596354,130980164_1970195936.jpg,dominante,130980164,1970195936,0.9921396818264604,0.21600393950939178
1400,1050,1.47,55.00982666015625,15.434264183044434,1.3225555419921875,0.848388671875,10.99861982895242,1.4491636753082275,10.902731895446776,11.091140747070312,0.0,0.0,56,-3.976309230574691,165.73512830056845,0.3209927962332557,0.0150871276855468,130980164_1970196052.jpg,dominante,130980164,1970196052,1.7496549572381048,0.28398004174232483
1400,1050,1.47,56.53639602661133,15.830575942993164,0.0893910725911458,0.5819956461588542,6.84081052025403,-0.4232118129730224,6.827706813812256,8.34415340423584,1.07073974609375,-1.07073974609375,40,-12.390401933450509,169.0005770137262,0.3028167951663729,0.0025304158528645,130980164_1970196160.jpg,"dominante,storta",130980164,1970196160,0.924029127459341,0.3253661096096039
1400,1050,1.47,55.71622848510742,17.6380615234375,0.5369822184244792,0.20751953125,11.581534257619598,4.059394359588623,10.846808433532717,13.646357536315918,0.2781295776367187,0.2781295776367187,63,-5.647954484182422,80.52151616296517,0.228330157576623,0.0076319376627604,130980164_1970196270.jpg,"dominante,sfocata",130980164,1970196270,2.5533582950221465,0.3534599542617798
1400,1050,1.47,63.35341262817383,19.158180236816406,1.3034820556640625,0.0005086263020833,6.7298150038774835,2.195039749145508,6.361777305603027,9.236062049865724,0.6035232543945312,0.6035232543945312,59,2.316697972984126,150.26018510758877,0.2531590367732429,0.0172869364420572,130980164_1970196460.jpg,dominante,130980164,1970196460,0.6824537509693709,0.31720274686813354
1400,1050,1.47,77.37163543701172,11.866982460021973,0.2985636393229166,0.1019795735677083,4.141843843848204,1.5352845191955566,3.846787214279175,5.06115198135376,0.07904052734375,-0.07904052734375,29,-0.1133799325034537,80.58710404531384,1.0175567218823498e-14,0.0338935852050781,130980164_1970196670.jpg,"dominante,sfocata",130980164,1970196670,0.6923425602068205,0.2341008484363556
1400,1050,1.47,63.02140426635742,18.706769943237305,0.4515329996744792,0.543212890625,6.11391687810073,1.8244184255599976,5.83536434173584,8.083038330078125,0.864898681640625,-0.864898681640625,34,-1.0696569875210011,211.6630984315011,0.2216772794469569,0.0131721496582031,130980164_1970197292.jpg,"dominante,storta",130980164,1970197292,0.6050783406189324,0.26947900652885437
1584,1050,1.6632,51.225135803222656,23.044095993041992,0.5947107418998527,0.4695841770986745,2.5728835609920355,0.837810218334198,2.4326536655426025,21.004051208496097,2.3616180419921875,2.3616180419921875,20,22.464759423585836,1042.1258193305891,1.4429237773070058,0.0115547910530191,130980164_1970331636.jpg,"buia,storta",130980164,1970331636,1.151898447672526,0.27227529883384705
1680,1050,1.764,57.5340576171875,14.257424354553224,0.759735107421875,0.10101318359375,5.285998639631804,2.120227098464966,4.8421502113342285,8.018020629882812,0.9562149047851562,-0.9562149047851562,43,-0.5775167185156705,485.07167483608936,1.0689467836157482,0.0087478637695312,131034348_1971655254.jpg,"dominante,storta",131034348,1971655254,0.458976263098055,0.07254868745803833
1400,1050,1.47,58.60481643676758,20.477720260620117,0.87738037109375,1.491673787434896,11.677674817096088,4.295678615570068,10.858878135681152,13.214274406433104,0.034423828125,-0.034423828125,111,-0.3082748576368584,439.40428890049225,0.3458216754298339,0.0134137471516927,131034348_1971655262.jpg,dominante,131034348,1971655262,1.919418704274022,0.10462795943021774
1680,1050,1.764,46.69249725341797,14.775778770446776,0.15533447265625,0.0546264648437499,3.3444734122892132,1.9273550510406496,2.7332773208618164,6.377905368804932,4.197151184082031,-4.197151184082031,29,-11.902561683062284,870.8871761485564,1.593440858229066,0.0027053833007812,131034348_1971655270.jpg,"buia,storta",131034348,1971655270,2.828851064046224,0.08792196959257126
1400,1050,1.47,51.3141975402832,20.348297119140625,0.5865732828776042,0.5397796630859375,13.302291034330311,4.674040794372559,12.454087257385254,19.004365921020508,0.0633544921875,-0.0633544921875,66,-2.1719823513164984,289.74578710571546,0.5063180735464565,0.0115598042805989,131034348_1971655280.jpg,"buia,dominante",131034348,1971655280,2.394153004554258,0.10474914312362671
1680,1050,1.764,46.01285934448242,18.04184913635254,0.240936279296875,0.727386474609375,4.920668808006776,1.5341434478759766,4.6754021644592285,9.082891464233398,3.128173828125,-3.128173828125,31,17.2740599812835,1045.2576588203665,2.211902549662136,0.00399169921875,131034348_1971655288.jpg,"buia,dominante,storta",131034348,1971655288,2.414330486303452,0.06852003186941147
1400,1050,1.47,52.44826126098633,21.98478889465332,0.6411234537760417,0.844573974609375,12.510678792569417,3.9629600048065186,11.866424560546877,14.475120544433594,0.132843017578125,-0.132843017578125,65,-0.6335670478215281,266.12413012226006,0.3655414822393517,0.0125312805175781,131034348_1971655294.jpg,dominante,131034348,1971655294,2.127669698142354,0.10117039829492569
1680,1050,1.764,51.384765625,13.359369277954102,0.40985107421875,0.0128173828125,4.337557346661679,2.504495620727539,3.5414552688598633,7.1215667724609375,5.036537170410156,-5.036537170410156,29,-12.43570172645618,647.7019614638551,1.048988149226677,0.0051010131835937,131034348_1971655296.jpg,"buia,dominante,storta",131034348,1971655296,3.003604221105524,0.12654422223567963
1680,1050,1.764,51.93155670166016,19.107280731201172,3.1121826171875,0.1953125,4.429856264137964,2.646648645401001,3.5523059368133545,9.235089302062988,5.4326019287109375,-5.4326019287109375,30,-21.65845317974856,139.66289765117455,0.6916433508596564,0.0350418090820312,131034348_1971655302.jpg,"buia,dominante,storta",131034348,1971655302,3.2360430150091,0.11842889338731766
1400,1050,1.47,52.13724899291992,18.11959457397461,0.1115163167317708,0.0399271647135416,11.364126179130787,4.286737442016602,10.524601936340332,19.969757080078125,0.0042877197265625,0.0042877197265625,82,-0.7499293193725299,279.9364272339929,0.4384843140864413,0.0072987874348958,131034348_1971655306.jpg,dominante,131034348,1971655306,1.8410315447826968,0.0773528441786766
1680,1050,1.764,58.645172119140625,19.223302841186523,0.5914306640625,0.1812744140625,5.157150739595689,2.540257692337036,4.488128185272217,9.108242988586426,2.04449462890625,2.04449462890625,53,-3.6706626937950952,197.1998786423332,0.8091348687128155,0.0062286376953125,131034348_1971655318.jpg,"dominante,storta",131034348,1971655318,1.1522841041697558,0.1066046729683876
1050,1050,1.1025,77.77626037597656,12.444512367248535,1.7282485961914062,0.0,8.156890215688097,2.3767707347869873,7.802936553955078,11.361385345458984,0.007843017578125,-0.007843017578125,25,-1.0080869376474926,38.32123183365911,1.1540771901319148e-14,0.0176143646240234,131037036_1971710830.jpg,"dominante,sfocata",131037036,1971710830,2.4005353566943723,0.27045848965644836
1575,1050,1.65375,57.99363327026367,23.59621238708496,0.8104181918008786,0.260083043557833,10.07981032648008,4.123348712921143,9.197856903076172,11.13097858428955,0.5907363891601562,0.5907363891601562,55,9.964128111082236,52.93601567706331,0.1853252773132072,0.0082914874633967,131037036_1971710846.jpg,"dominante,sfocata",131037036,1971710846,2.637685653668965,0.5930714011192322
1575,1050,1.65375,61.15863037109375,15.57705020904541,0.8448766928989752,0.8298636530014641,12.168791415523952,4.751838207244873,11.202656745910645,13.161514282226562,0.796875,-0.796875,21,-4.231172650747853,48.13845545182367,0.0678337594600307,0.0085860290080527,131037036_1971710864.jpg,"dominante,storta,sfocata",131037036,1971710864,3.2711402630172604,0.4689403772354126
1575,1050,1.65375,68.91151428222656,13.910664558410645,1.0885168832357248,0.0275953971449487,11.675576598167556,3.9482381343841553,10.987743377685549,13.826729774475098,0.121551513671875,0.121551513671875,33,-0.6508708828515245,183.95688496509464,0.210154156509766,0.0111954383235724,131037036_1971710886.jpg,dominante,131037036,1971710886,1.918894149541889,0.4012317359447479
1575,1050,1.65375,59.924346923828125,21.7696533203125,0.7127619418008785,0.3158457631771595,11.072392572706809,4.077791690826416,10.294148445129396,13.28048324584961,0.0009307861328125,0.0009307861328125,96,-0.1450455596849954,110.26785525547965,0.2349830357063453,0.0072720305636896,131037036_1971710910.jpg,"dominante,sfocata",131037036,1971710910,1.930300555585375,0.44489118456840515
1575,1050,1.65375,61.65573501586914,23.142921447753903,2.17960743045388,0.1421234443631039,5.127288168526874,2.4673914909362793,4.494559288024902,23.97927474975586,0.211151123046875,-0.211151123046875,102,0.7276346905263261,285.5619620565171,0.3706505546264089,0.0327041201500732,131037036_1983160228.jpg,dominante,131037036,1983160228,0.2818220421317186,0.24850055575370789
1575,1050,1.65375,58.961727142333984,21.082500457763672,1.1236902909956077,0.3171325951683748,6.6422804656164525,3.634244441986084,5.55987024307251,24.768138885498047,0.02490234375,0.02490234375,83,-1.9606142662962056,395.7411702126287,0.4384843140864168,0.0178612280380673,131037036_1983160242.jpg,dominante,131037036,1983160242,0.6605701164041131,0.26513656973838806
1575,1050,1.65375,45.64374923706055,26.127531051635746,0.7871122346266471,6.481057833089311,10.841604764605195,5.602893829345703,9.281593322753906,21.90329933166504,0.20965576171875,-0.20965576171875,93,-2.2162685096829624,427.1978773462367,0.506318073546455,0.011364156295754,131037036_1983160262.jpg,"buia,dominante",131037036,1983160262,2.346026267445244,0.2649519145488739
1575,1050,1.65375,46.549503326416016,34.36359786987305,0.6266871797218155,12.397053440702782,4.294932700386425,3.206592321395874,2.8573086261749268,17.69617462158203,0.3128814697265625,0.3128814697265625,36,1.092707086836299,751.26609347327,0.586979934106777,0.0093266723096632,131037036_1983160280.jpg,"buia,dominante",131037036,1983160280,0.6187828424550046,0.2855563759803772
1575,1050,1.65375,75.76280212402344,15.151771545410156,6.003071239019034,0.0007149066617862,2.087136634501162,-0.313832938671112,2.0634069442749023,5.821199417114258,0.0781402587890625,0.0781402587890625,32,-0.2050095949843814,121.50410066899096,0.1853252773131853,0.1057489934114202,131037036_1983160300.jpg,sovraesposta,131037036,1983160300,0.0003071239019034,0.38675457239151
1680,945,1.5876,68.64631652832031,24.288301467895508,12.532721625434029,0.0006781684027777,8.775462946253585,-0.0851149410009384,8.775050163269043,19.261138916015625,0.6933135986328125,0.6933135986328125,52,-23.965498924687953,496.9136250787932,1.428074215304962,0.07098388671875,131063036_1972252386.jpg,"sovraesposta,dominante",131063036,1972252386,1.847137899106799,0.060023751109838486
1680,945,1.5876,58.99272918701172,23.91983985900879,1.6688028971354167,0.728183322482639,7.136166650918114,-1.332116961479187,7.010730266571045,14.603278160095217,6.2816009521484375,-6.2816009521484375,132,-23.332578135415684,520.6445572717967,1.2094845473433022,0.0219997829861111,131063036_1972252394.jpg,"dominante,storta",131063036,1972252394,4.471775630828487,0.14334535598754883
1680,945,1.5876,50.5265998840332,19.644102096557617,1.3858371310763888,0.5021837022569444,9.619584915856157,-0.5605801939964294,9.60323715209961,23.22093391418457,1.0613555908203125,1.0613555908203125,52,-19.416357766932325,445.21654671138253,1.47107909556842,0.0143551296657986,131063036_1972252398.jpg,"buia,dominante,storta",131063036,1972252398,1.759806634440927,0.26746612787246704
1680,945,1.5876,74.77781677246094,24.129732131958008,16.07750786675347,0.0618828667534722,9.04380223487086,0.3997823596000671,9.034961700439451,14.29600715637207,1.39495849609375,-1.39495849609375,42,-15.737387435656666,492.109338881836,1.451120461179321,0.1818288167317708,131063036_1972252408.jpg,"sovraesposta,dominante,storta",131063036,1972252408,2.6986736761222287,0.18686014413833618
1680,945,1.5876,67.2226791381836,25.639965057373047,5.194769965277778,0.1619127061631944,8.208916467234621,-0.6187242269515991,8.185565948486328,15.555179595947266,1.0302734375,-1.0302734375,74,0.0267967564459915,571.7899934413532,1.654621739559417,0.0727318657769097,131063036_1972252416.jpg,"dominante,storta",131063036,1972252416,1.2390780751419883,0.19906166195869446
1680,945,1.5876,74.19046783447266,25.857995986938477,30.72272406684028,0.0022040473090277,6.479320201701722,1.4850070476531982,6.306849002838135,12.94019603729248,0.0,0.0,79,-8.269132954552312,869.4163089497589,1.9658740461776905,0.2768317328559028,131063036_1972252422.jpg,"sovraesposta,dominante",131063036,1972252422,3.0921024571094584,0.08711022138595581
1680,945,1.5876,69.58535766601562,20.828147888183594,7.719760470920139,0.0935872395833333,9.444277775888152,-0.9024598002433776,9.401061058044434,18.264617919921875,1.76153564453125,1.76153564453125,93,-15.403036580080755,511.2082897802632,1.6479688614297268,0.0461052788628472,131063036_1972252432.jpg,"sovraesposta,dominante,storta",131063036,1972252432,2.2074025874182186,0.10865553468465805
1680,945,1.5876,78.15210723876953,22.37521171569824,19.67654758029514,0.2080281575520833,9.185845007298584,-3.341217041015625,8.556635856628418,12.198843955993652,1.0297088623046875,1.0297088623046875,56,-37.18784808262835,285.02023240592746,0.7164722300562283,0.1076304117838541,131063036_1972252444.jpg,"sovraesposta,dominante,storta",131063036,1972252444,2.8505885847239516,0.16210518777370453
1680,945,1.5876,77.41433715820312,27.488731384277344,39.16100396050347,0.2531263563368055,7.401506807045149,-0.7782195210456848,7.360480785369873,7.869256019592285,1.74102783203125,-1.74102783203125,99,-11.421849147690992,652.8584129410181,1.0804699065529246,0.2986348470052083,131063036_1972252462.jpg,"sovraesposta,dominante,storta",131063036,1972252462,4.827162319165802,0.11877833306789398
1680,945,1.5876,72.00088500976562,24.061647415161133,17.76665581597222,0.4667494032118056,1.578043950342532,-0.7489030957221985,1.3890165090560913,8.491867065429688,0.806671142578125,0.806671142578125,69,16.064812709988537,1564.0344356606558,2.391052604004703,0.1935373942057291,131063036_1972252500.jpg,"sovraesposta,storta",131063036,1972252500,1.2144463433159722,0.15264327824115753
1400,1050,1.47,73.61276245117188,22.80414772033691,2.611796061197917,0.7940928141276041,7.308546551221681,2.668816089630127,6.803842544555664,11.092984199523926,0.976715087890625,0.976715087890625,61,-12.788919144022346,383.93339377353067,0.4633131932829998,0.1195068359375,131152856_1974234746.jpg,"dominante,storta",131152856,1974234746,0.9782800297325036,0.08136139065027237
1403,1050,1.47315,57.57374954223633,23.50554656982422,0.1703247389033942,1.3067579144908616,8.126356239855383,1.985793709754944,7.879992961883545,15.775212287902832,1.0160751342773438,1.0160751342773438,36,-37.575103082910495,711.680370720286,0.5377998308727029,0.0101582898172323,131152856_1974234760.jpg,"dominante,storta",131152856,1974234760,1.2089724828154085,0.08676434308290482
1400,1050,1.47,51.31666564941406,26.265165328979492,2.2613525390625,2.579752604166667,8.045124590642438,2.1967484951019287,7.739400863647461,12.653565406799316,4.31243896484375,-4.31243896484375,113,-22.10329328366188,1302.0736661577955,0.6916433508596631,0.0308812459309895,131152856_1974234766.jpg,"buia,dominante,storta",131152856,1974234766,3.454573892615037,0.08876454830169678
1400,1050,1.47,42.75613021850586,26.66313743591309,0.0019073486328125,5.190277099609375,1.075131314898442,-0.3388194441795349,1.0203473567962646,18.053544998168945,9.214332580566406,-9.214332580566406,31,-24.68270760486253,1128.6103054613857,1.0556410273563637,0.000104268391927,131152856_1974234772.jpg,"buia,storta",131152856,1974234772,6.567275365193685,0.06424444913864136
1400,1050,1.47,62.5874137878418,22.52292251586914,0.1344045003255208,1.390965779622396,4.182247376494517,2.038186550140381,3.651984214782715,15.834546089172363,4.919303894042969,-4.919303894042969,26,-38.781904299299384,462.2550582885677,1.0441179044191928,0.0056749979654947,131152856_1974234778.jpg,"dominante,storta",131152856,1974234778,2.8250977734856084,0.07044335454702377
1400,1050,1.47,65.62614440917969,26.493860244750977,1.13067626953125,0.7237752278645833,2.1173237761011943,-1.1351094245910645,1.7873406410217283,6.080275058746338,6.29327392578125,-6.29327392578125,62,-18.26602822048624,365.2299200449536,0.4384843140864189,0.1022911071777343,131152856_1974234784.jpg,storta,131152856,1974234784,3.6955159505208335,0.06382327526807785
1400,1050,1.47,79.7651138305664,18.337345123291016,3.729375203450521,0.3360748291015625,1.7682159293139397,-1.7593472003936768,-0.1768756657838821,8.72136402130127,0.322052001953125,-0.322052001953125,17,-27.622111474053895,307.4837365145731,0.4384843140864198,0.1860237121582031,131152856_1974234794.jpg,,131152856,1974234794,0.0,0.0824754387140274
1400,1050,1.47,75.791015625,15.241348266601562,0.4894256591796875,0.0937143961588541,6.018811408526763,2.229848861694336,5.590515613555908,17.141422271728516,5.23822021484375,-5.23822021484375,101,-30.601241016789093,196.66069505767277,0.2779879159698183,0.0551083882649739,131152856_1974234802.jpg,"dominante,storta",131152856,1974234802,3.4968496620275245,0.10271922498941422
1400,1050,1.47,57.26597213745117,27.58022689819336,0.2005259195963541,1.116180419921875,1.4698878782366094,1.4617286920547483,-0.1546596437692642,24.55731201171875,0.0,0.0,1,0.0,2282.574791411947,4.156512983287612,0.0176556905110677,131152856_1974234814.jpg,rumorosa,131152856,1974234814,1.1043419888584085,0.04842520132660866
1400,1050,1.47,69.79791259765625,17.842615127563477,0.1340230305989583,0.1248677571614583,5.775876066180303,2.554811477661133,5.180123805999756,18.496000289916992,0.06927490234375,-0.06927490234375,55,-4.122175574214341,476.26956791235233,0.5989807122030698,0.0078811645507812,131152856_1974234828.jpg,dominante,131152856,1974234828,0.4439690165450758,0.10531692951917648
480,360,0.1728,55.3032341003418,21.942115783691406,0.1953125,1.3454437255859375,4.584797628195206,-0.5267514586448669,4.554437637329102,11.638285636901855,3.1395492553710938,3.1395492553710938,47,10.87878302627565,199.47404175333057,0.4384843140864261,0.0032539367675781,131248416_1976560934.jpg,"dominante,storta,bassa_risoluzione",131248416,1976560934,1.739232243962864,0.043935563415288925
480,360,0.1728,48.86549377441406,26.650012969970703,0.0050862630208333,1.8810272216796875,2.106695110101857,1.6466622352600098,1.3140273094177246,10.134726524353027,0.1859207153320312,0.1859207153320312,59,-4.340572160300295,60.563381222307925,0.2531590367732269,0.0001818339029947,131248416_1976562410.jpg,"buia,sfocata,bassa_risoluzione",131248416,1976562410,1.3040609355201285,0.06714160740375519
480,360,0.1728,61.51287460327149,19.21180725097656,0.571441650390625,0.0714619954427083,5.146319508642089,1.4392282962799072,4.940974235534668,12.376609802246094,2.8071060180664062,-2.8071060180664062,47,20.392394914563315,94.62646679874484,0.370650554626394,0.0042940775553385,131248416_1976562500.jpg,"dominante,storta,sfocata,bassa_risoluzione",131248416,1976562500,2.080876109225713,0.05441242828965187
480,360,0.1728,49.53815841674805,20.3248291015625,4.157129923502604,1.021448771158854,8.31371895721229,-1.2717291116714478,8.215876579284668,9.999916076660156,3.362213134765625,-3.362213134765625,101,-8.321790400361072,57.07296414223027,0.2531590367732318,0.0495452880859375,131248416_1976562632.jpg,"buia,dominante,storta,sfocata,bassa_risoluzione",131248416,1976562632,4.11487325176818,0.07722540199756622
480,360,0.1728,50.49128341674805,17.707841873168945,0.5266825358072917,1.080958048502604,2.010871238060216,1.1843053102493286,1.6251227855682373,5.076066493988037,1.2462158203125,1.2462158203125,88,-4.370037079704635,48.63762821837736,0.2531590367732338,0.0058911641438802,131248416_1976562668.jpg,"buia,storta,sfocata,bassa_risoluzione",131248416,1976562668,1.6710550682272394,0.09739527106285095
480,360,0.1728,51.92219924926758,17.561649322509766,0.01220703125,0.0120798746744791,15.549613186352138,5.228063106536865,14.644378662109377,21.727296829223633,1.25286865234375,-1.25286865234375,44,-1.898203956914881,65.95759033098714,0.3888265556932805,3.814697265625e-06,131248416_1976562820.jpg,"buia,dominante,storta,sfocata,bassa_risoluzione",131248416,1976562820,4.1311359677073245,0.08364947885274887
480,360,0.1728,36.03448867797851,21.339614868164062,2.9923756917317705,2.679189046223958,12.41359900205132,7.755945682525635,9.69240665435791,14.102572441101074,0.01708984375,-0.01708984375,48,-7.948015012782964,63.94052726464805,0.3888265556932817,0.0348141988118489,131248416_1976562936.jpg,"buia,dominante,sfocata,bassa_risoluzione",131248416,1976562936,4.634275428304178,0.0748276636004448
480,360,0.1728,42.2851448059082,24.027402877807617,0.0081380208333333,8.134841918945312,2.0246356847337657,1.1470942497253418,1.668329834938049,6.514527797698975,0.000152587890625,0.000152587890625,83,20.958009928687424,161.02592823757732,0.4633131932830014,0.0001373291015625,131248416_1976563032.jpg,"buia,bassa_risoluzione",131248416,1976563032,0.9714855194091796,0.12122254818677902
480,360,0.1728,58.81782150268555,17.250368118286133,0.1135508219401041,0.420379638671875,5.610598324605952,1.110286831855774,5.499643325805664,10.241409301757812,0.358917236328125,0.358917236328125,52,-0.2952768277691392,37.06173116278498,0.2035012783800815,0.0018297831217447,131248416_1976563120.jpg,"dominante,sfocata,bassa_risoluzione",131248416,1976563120,1.7849540617717383,0.08314988017082214
1154,769,0.887426,55.03150177001953,16.42911720275879,0.6870303335777126,0.302705736803519,8.628222504083219,0.8641747236251831,8.584836959838867,8.689207077026367,0.36981201171875,-0.36981201171875,92,-0.8344502504323063,124.56109802668864,0.3888265556932938,0.0086487353372434,131340182_1978519058.jpg,"dominante,bassa_risoluzione",131340182,1978519058,1.1570556260208047,0.0788600966334343
1154,769,0.887426,65.28974914550781,13.420920372009276,0.4706687591642228,0.0894943640029325,9.677185106523432,1.0879875421524048,9.615830421447754,11.493414878845217,0.34490966796875,-0.34490966796875,82,0.8179368720641208,145.2819647192386,0.4500074370236178,0.0061142549486803,131340182_1978519080.jpg,"dominante,bassa_risoluzione",131340182,1978519080,1.419296276630858,0.065007284283638
1154,769,0.887426,59.86790466308594,17.718324661254883,0.5338159824046921,0.1178461785190615,9.723078404425385,0.9574824571609496,9.675819396972656,10.07492446899414,0.2817764282226562,-0.2817764282226562,119,-1.2364399172382317,240.90808038164263,0.5311469527430405,0.0119564470307917,131340182_1978519092.jpg,"dominante,bassa_risoluzione",131340182,1978519092,1.4307696011063458,0.08592286705970764
1154,769,0.887426,59.8565559387207,16.858135223388672,0.0960811491935483,0.0557012921554252,5.448939894898624,0.1595408916473388,5.446603775024414,7.518777370452881,0.0745620727539062,-0.0745620727539062,107,-0.0594317274321444,225.29734309269068,0.3888265556932956,0.0097470101722873,131340182_1978519100.jpg,"dominante,bassa_risoluzione",131340182,1978519100,0.3622349737246559,0.08154159039258957
1154,769,0.887426,64.00515747070312,14.561426162719728,0.1728315157624633,0.1003768786656891,7.110057407015398,0.6549773812294006,7.079824924468994,8.491049766540527,0.05718994140625,-0.05718994140625,105,-0.6133024476691842,169.58796630494894,0.3639976764967092,0.0077351768695014,131340182_1978519110.jpg,"dominante,bassa_risoluzione",131340182,1978519110,0.7775143517538494,0.07739736139774323
1154,769,0.887426,65.37632751464844,14.535143852233888,0.3678576337976539,0.1258648735337243,9.121162376531323,0.7826700806617737,9.087520599365234,10.580187797546388,0.020111083984375,0.020111083984375,136,-0.806715674526615,198.35587928177463,0.4136554348898597,0.0113392938966275,131340182_1978519116.jpg,"dominante,bassa_risoluzione",131340182,1978519116,1.2802905941328313,0.0789603590965271
1154,769,0.887426,65.77662658691406,17.556222915649414,0.0791846132697947,0.3528225806451612,1.8069826476616673,1.8006304502487185,0.1513812094926834,5.341432571411133,0.250640869140625,0.250640869140625,36,-0.6855832169503214,551.7028356672062,0.2283301575766582,0.0035697511913489,131340182_1978519120.jpg,bassa_risoluzione,131340182,1978519120,0.0,0.07909548282623291
1154,769,0.887426,57.56101608276367,16.20694351196289,0.0531238544721407,0.0105961326979472,5.4504901309937965,-3.932509660720825,-3.774017810821533,10.416706085205078,0.0223388671875,0.0223388671875,20,0.183660778915212,991.6631268966478,1.7836363803497657,0.0025874610520527,131340182_1978519128.jpg,"dominante,bassa_risoluzione",131340182,1978519128,0.3626225327484491,0.04435976967215538
1154,769,0.887426,70.82953643798828,17.929100036621094,0.0300701063049853,0.1043862261730205,2.166720715782111,0.915563702583313,1.9637774229049685,4.082849025726318,0.07574462890625,0.07574462890625,118,-1.4865682836102885,352.91056058530484,0.3209927962332481,0.0110443204728739,131340182_1978519140.jpg,bassa_risoluzione,131340182,1978519140,0.0,0.07470966130495071
1154,769,0.887426,60.70537185668945,24.115234375,2.015842650293255,0.2454293438416422,4.829958780654076,0.5435431599617004,4.799277305603027,14.57911205291748,1.7689743041992188,-1.7689743041992188,13,18.132650119069464,1619.711070911033,3.163835470583793,0.1749049211876832,131340182_1978519146.jpg,"dominante,storta,rumorosa,bassa_risoluzione",131340182,1978519146,1.3293628783521934,0.05244041234254837
1400,1050,1.47,56.463924407958984,15.400612831115724,0.042724609375,1.2217203776041663,9.992671030664871,0.614392876625061,9.97376537322998,11.232911109924316,2.39129638671875,-2.39129638671875,75,-16.817542444550096,79.07293670997024,0.2531590367732287,0.0034192403157552,131378836_1979514900.jpg,"dominante,storta,sfocata",131378836,1979514900,3.2744830703125474,0.08618686348199844
1400,1050,1.47,54.21638488769531,17.630149841308594,0.1308441162109375,0.0901540120442708,8.31636451735535,0.9997934103012084,8.256048202514648,17.22076416015625,0.8790359497070312,0.8790359497070312,55,-21.743821043437233,197.14567381492816,0.5063180735464573,0.0023129781087239,131378836_1979514910.jpg,"dominante,storta",131378836,1979514910,1.1651150958101917,0.06195111572742462
1400,1050,1.47,57.31574630737305,22.122623443603516,0.7165273030598958,1.4849344889322915,6.889593394380237,-1.0628219842910769,6.807121753692627,8.56115436553955,1.3434906005859375,1.3434906005859375,56,-10.901796323870952,182.00831584197135,0.4633131932830261,0.0090408325195312,131378836_1979514928.jpg,"dominante,storta",131378836,1979514928,1.1180587489856844,0.09750295430421829
1400,1050,1.47,52.24898147583008,18.008037567138672,0.1721700032552083,1.1072794596354163,8.801027013374412,-0.0619603134691715,8.800808906555176,21.036054611206055,1.1928176879882812,1.1928176879882812,82,-17.471581329615724,138.9603645389434,0.4318314359567285,0.0006434122721354,131378836_1979514976.jpg,"dominante,storta",131378836,1979514976,1.4954685453357903,0.07400529831647873
1400,1050,1.47,52.983367919921875,18.984275817871097,0.1842498779296875,1.886749267578125,10.144861105988753,0.7039788365364075,10.120406150817873,23.59364891052246,0.7890167236328125,0.7890167236328125,79,-12.6967512759238,234.59804279394544,0.5063180735464565,0.0017534891764322,131378836_1979514984.jpg,"dominante,storta",131378836,1979514984,1.56222642558573,0.056061699986457825
1400,1050,1.47,56.6351318359375,21.783845901489254,0.6206512451171875,1.035944620768229,9.024922293534503,-0.7892522811889648,8.990345001220703,10.314141273498535,1.7095947265625,1.7095947265625,67,-10.688777975540736,223.00223412518488,0.5493229538099025,0.0080973307291666,131378836_1979514996.jpg,"dominante,storta",131378836,1979514996,1.8959603910919591,0.05970785394310951
1400,1050,1.47,57.34633255004883,22.292064666748047,0.5338033040364583,1.7369588216145833,8.203927023225095,0.3043066263198852,8.198281288146973,10.756510734558104,0.8765411376953125,0.8765411376953125,78,-12.396971159488842,278.3169697277335,0.580804711136172,0.007269541422526,131378836_1979515078.jpg,"dominante,storta",131378836,1979515078,1.1353425142698157,0.07906979322433472
1400,1050,1.47,51.10403060913086,19.94805145263672,0.1425425211588541,3.056081136067708,3.083624917500076,-0.29716557264328,3.069272756576538,6.255348205566406,1.913330078125,-1.913330078125,92,-17.284451899339803,254.12788844971996,0.4748363162201898,0.002691904703776,131378836_1979515116.jpg,"buia,storta",131378836,1979515116,0.8651503245035806,0.05368759110569954
1400,1050,1.47,53.24775695800781,17.765085220336914,0.2600351969401041,0.6605784098307292,0.9718491924602972,-0.0835039466619491,0.96825510263443,6.00508451461792,5.5880279541015625,-5.5880279541015625,77,-23.006644171211132,235.64631398353313,0.4814891943498834,0.0030632019042968,131378836_1979515128.jpg,storta,131378836,1979515128,3.2253519694010415,0.09294687956571579
1400,1050,1.47,59.94512939453125,18.533775329589844,0.018310546875,0.5068461100260417,0.9978388712322728,-0.4583805501461029,0.8863236904144287,7.335329532623291,1.2466354370117188,1.2466354370117188,70,-13.314131674373291,382.1295826658348,0.5741518330064753,0.0027440388997395,131378836_1979515138.jpg,storta,131378836,1979515138,0.3310902913411458,0.11266689002513885
1575,1050,1.65375,73.23802185058594,18.87128257751465,2.986880032942899,0.2722364568081991,4.0336846240423805,-2.4972152709960938,-3.1677322387695312,7.556392669677734,0.2783889770507812,0.2783889770507812,89,-0.1064791489378235,182.97234993627544,0.3028167951663786,0.0384591187774524,131442136_1981182676.jpg,dominante,131442136,1981182676,0.0084211560105951,0.36292997002601624
1575,1050,1.65375,70.01595306396484,16.721908569335938,3.2047835834553444,0.1076649432650073,4.8711190759017695,-3.061439037322998,-3.788851022720337,9.459036827087402,0.25445556640625,-0.25445556640625,86,0.6716705517458488,218.71266163223677,0.43848431408643,0.0459170250732064,131442136_1981182692.jpg,dominante,131442136,1981182692,0.2177797689754423,0.23257265985012054
1575,1050,1.65375,68.86160278320312,20.346576690673828,2.0719424871888723,0.013869189238653,2.1216414936075823,1.6745449304580688,1.3027900457382202,9.725513458251951,0.291259765625,-0.291259765625,43,0.7490061175116647,129.27147101382226,0.3888265556932793,0.0758187111090776,131442136_1981182704.jpg,,131442136,1981182704,0.0,0.24955715239048004
1575,1050,1.65375,84.46796417236328,16.353979110717773,3.760695003660322,0.0004289439970717,4.9381515458993945,0.8306768536567688,4.867783546447754,8.551873207092285,0.23773193359375,0.23773193359375,31,-2.240548617166377,135.34863994848268,0.1241443959828479,0.1876572794655929,131442136_1981182718.jpg,dominante,131442136,1981182718,0.2345378864748486,0.42452389001846313
1575,1050,1.65375,81.41736602783203,13.906039237976074,2.309720442898975,0.0361742770863836,1.7068436320198104,-0.99888813495636,1.384029507637024,8.677717208862305,0.072479248046875,-0.072479248046875,33,-0.2849905217233303,210.8956734880771,0.2101541565097441,0.1990400233345534,131442136_1981182730.jpg,,131442136,1981182730,0.0,0.23103468120098114
1575,1050,1.65375,68.63569641113281,23.238683700561523,6.39026468704246,1.1847433199121522,6.208141466540678,1.883723497390747,5.915454864501953,11.829954147338867,0.04168701171875,0.04168701171875,49,0.594113627877844,160.02209261506755,0.3458216754298267,0.116625583363836,131442136_1981182748.jpg,"sovraesposta,dominante",131442136,1981182748,0.5910618353394157,0.2685447335243225
1575,1050,1.65375,82.46231842041016,18.498760223388672,8.576306277452415,0.0,6.857900616846765,2.611793756484986,6.34108304977417,16.065528869628906,0.0129318237304687,-0.0129318237304687,57,-0.3916136701499537,110.23628235441429,0.1538435199869463,0.2523534727306002,131442136_1981183008.jpg,"sovraesposta,dominante,sfocata",131442136,1981183008,1.1348344093833616,0.27206069231033325
1575,1050,1.65375,79.5417709350586,18.37958526611328,8.004094985358712,0.093652772693997,4.825137016117621,2.022289514541626,4.380900859832764,17.59066390991211,0.8548736572265625,0.8548736572265625,56,3.0511615097062466,119.32600446612338,0.210154156509776,0.1360324396046852,131442136_1981183040.jpg,"sovraesposta,dominante,storta,sfocata",131442136,1981183040,0.4878427829475951,0.2199319750070572
1575,1050,1.65375,82.19969177246094,15.55604076385498,6.57513954978038,0.0203033491947291,8.91669416340658,3.21544885635376,8.316749572753906,18.746124267578125,0.006256103515625,-0.006256103515625,45,-0.6716488386982116,67.87259216685412,0.0926626386565978,0.1459810807101025,131442136_1981183056.jpg,"sovraesposta,dominante,sfocata",131442136,1981183056,2.1554776263821145,0.33768174052238464
1575,1050,1.65375,71.07063293457031,26.240234375,3.560521138360176,0.0105806185944363,5.203931426575627,0.9898133873939514,5.108930587768555,15.461713790893556,0.0351333618164062,-0.0351333618164062,75,-1.4717585306029954,158.33939319507184,0.2531590367732324,0.1071745172950219,131442136_1981183106.jpg,dominante,131442136,1981183106,0.3009828566439068,0.22354941070079803
1400,1050,1.47,61.0478515625,21.54570770263672,1.05438232421875,0.3222147623697916,10.850770997813026,0.1895985007286071,10.849114418029783,23.328622817993164,2.7537841796875,-2.7537841796875,42,-39.81744528375769,317.3878961251983,0.431831435956726,0.0112838745117187,131502424_1982657364.jpg,"dominante,storta",131502424,1982657364,3.0485488692449234,0.22672463953495026
1400,1050,1.47,63.37581253051758,15.732454299926758,1.5810648600260415,0.2398173014322916,7.892250098599039,-3.8243041038513184,6.903789520263672,23.48789978027344,7.997650146484375,7.997650146484375,64,-34.85451738614212,323.6313791505899,0.5989807122030468,0.0177383422851562,131502424_1982657374.jpg,"dominante,storta",131502424,1982657374,5.804829288972677,0.26599791646003723
1400,1050,1.47,54.6078987121582,19.573335647583008,0.2585093180338541,0.6072998046875,13.200345278712897,7.247170448303223,11.033024787902832,22.824480056762695,1.69427490234375,-1.69427490234375,34,-24.44065595346115,379.7363235952782,0.3624538707540624,0.0052363077799479,131502424_1982657384.jpg,"dominante,storta",131502424,1982657384,2.929602921240724,0.21260586380958557
1400,1050,1.47,59.10117721557617,19.332651138305664,0.0609079996744791,0.6696065266927083,5.257259175420198,2.5407814979553223,4.6025214195251465,16.99295997619629,3.28875732421875,-3.28875732421875,55,-18.166898127208615,383.46674708245786,0.3888265556932809,0.0015462239583333,131502424_1982657396.jpg,"dominante,storta",131502424,1982657396,2.0068196766675497,0.16120928525924683
1400,1050,1.47,52.03548812866211,24.29292678833008,0.452423095703125,2.568562825520833,4.307692737946273,4.305922508239746,-0.1234831064939498,20.00224494934082,1.6048736572265625,1.6048736572265625,61,20.165381085753975,2235.4802902017777,2.4788449978538396,0.0067888895670572,131502424_1982657426.jpg,"dominante,storta",131502424,1982657426,0.6468389559709433,0.21450012922286987
1400,1050,1.47,60.74370193481445,17.64519500732422,0.0078837076822916,1.6290028889973958,10.47789118796433,2.675905704498291,10.130435943603516,18.5795955657959,2.9782867431640625,2.9782867431640625,32,-26.747383700045052,162.07803427994398,0.3524745535595319,0.0001335144042968,131502424_1982657450.jpg,"dominante,storta",131502424,1982657450,3.104997292433791,0.2731887102127075
1400,1050,1.47,70.94869232177734,15.443010330200195,0.2971649169921875,0.0559488932291666,13.02361465145399,3.6794004440307617,12.493060111999512,20.06367301940918,2.03216552734375,-2.03216552734375,15,-19.565256426840755,158.18562916196566,0.2531590367732292,0.0029246012369791,131502424_1982657472.jpg,"dominante,storta",131502424,1982657472,3.110680681092664,0.310745507478714
1400,1050,1.47,48.29996871948242,17.296812057495117,0.1407623291015625,0.5411783854166667,8.249327525377765,0.8696886897087097,8.20335578918457,16.35479736328125,0.05096435546875,-0.05096435546875,73,-11.572480944834613,512.8804086469463,0.6238095913996375,0.0013135274251302,131502424_1982657498.jpg,"buia,dominante",131502424,1982657498,1.432335009396199,0.33445999026298523
1400,1050,1.47,51.02480697631836,29.946550369262695,11.16625467936198,3.9736429850260415,0.7011337149715368,0.6095251441001892,0.3465076982975006,15.569483757019045,0.4676055908203125,0.4676055908203125,113,1.0038683087824305,1280.0611168477271,1.5123013425096767,0.1178309122721354,131502424_1982657542.jpg,"buia,sovraesposta",131502424,1982657542,0.6141447703043621,0.21201452612876892
1400,1050,1.47,61.94927978515625,18.948413848876953,0.6272633870442708,1.105499267578125,5.686812700464292,2.1661458015441895,5.258103370666504,13.306594848632812,1.4933853149414062,-1.4933853149414062,108,-12.42305384371143,566.2589374830698,0.6238095913996423,0.006011962890625,131502424_1982657580.jpg,"dominante,storta",131502424,1982657580,0.9172933850770104,0.22617939114570618
1280,853,1.09184,59.36677932739258,23.683744430541992,1.521117806085044,1.101138654692082,6.887729441192022,3.941880464553833,5.648220539093018,21.019500732421875,1.4237518310546875,1.4237518310546875,64,5.277748895040101,1176.066318807148,0.926626386566005,0.0189241202346041,131504708_1982706434.jpg,"dominante,storta",131504708,1982706434,1.1711002476677972,0.07074703276157379
1280,853,1.09184,56.642555236816406,21.864431381225582,4.543020298753666,0.2379834127565982,5.056627337320942,4.202083587646484,2.8128230571746826,21.741334915161133,0.3196334838867187,-0.3196334838867187,140,-1.2793135521543817,276.13962534568844,0.7661299884493726,0.0905339305351906,131504708_1982706438.jpg,dominante,131504708,1982706438,0.2641568343302354,0.0826389342546463
1280,853,1.09184,50.017486572265625,20.87845039367676,1.5749576154692084,1.2766907991202348,5.727769949994851,3.36318039894104,4.636417388916016,24.056827545166016,0.20416259765625,-0.20416259765625,76,-0.9112075664769764,300.90342181353515,0.8273108697797165,0.0184057688782991,131504708_1982706442.jpg,"buia,dominante",131504708,1982706442,0.6301938302721503,0.07503000646829605
1280,853,1.09184,54.20794296264648,20.589645385742188,2.5304710410557183,0.8862089901026392,3.6545052227132815,2.3109548091888428,2.831059217453003,19.13595962524414,0.00567626953125,-0.00567626953125,111,-0.8177155482779964,245.94692559386837,0.6353327143368166,0.0420967169171554,131504708_1982706448.jpg,,131504708,1982706448,0.0,0.08267450332641602
1280,853,1.09184,57.36843490600586,23.92973518371582,4.156977410190616,1.064052190249267,8.974840564087751,6.061929225921631,6.618215560913086,27.552379608154297,0.4098739624023437,0.4098739624023437,113,0.7151562077505321,295.47003077472215,0.6668144716630787,0.0804031685300586,131504708_1982706454.jpg,dominante,131504708,1982706454,1.2437101410219378,0.09576984494924545
1280,853,1.09184,51.60997009277344,21.14922142028809,1.8760882514662756,3.1400350531524928,5.8159578325861725,4.727897644042969,3.3870856761932373,23.029544830322266,0.0224151611328125,-0.0224151611328125,72,1.0607033866576216,213.47689552997528,0.7164722300562286,0.0286253092925219,131504708_1982706460.jpg,"buia,dominante",131504708,1982706460,0.4929924488691993,0.11400856077671051
1280,853,1.09184,56.0124626159668,25.661657333374023,1.837856259164223,2.7635859604105573,4.939452147950918,3.2217206954956055,3.7441558837890625,23.716323852539062,0.024658203125,-0.024658203125,158,-0.7820194308060067,577.7794003853936,1.123474786816398,0.0642999106488269,131504708_1982706464.jpg,dominante,131504708,1982706464,0.2348630369877296,0.0843530222773552
1280,853,1.09184,52.270355224609375,17.677757263183594,1.447088068181818,0.0860577804252199,7.73441118703841,3.894153594970703,6.682565689086914,29.675048828125,0.4687042236328125,0.4687042236328125,31,0.7213557892496775,733.1967997528349,1.410137041817615,0.0175394634347507,131504708_1982706470.jpg,dominante,131504708,1982706470,0.9336027967596026,0.05747871473431587
1280,853,1.09184,60.62657928466797,20.384963989257812,1.686646581744868,0.0494008889296187,6.571298943837202,3.1502726078033447,5.766953468322754,28.706727981567383,0.251739501953125,-0.251739501953125,45,-0.6569232336899898,169.4406294118146,0.5989807122030536,0.0220227730938416,131504708_1982706474.jpg,dominante,131504708,1982706474,0.6428247359593005,0.11082112044095993
1280,853,1.09184,52.39115905761719,19.20841407775879,1.5410213526392962,1.6326635813782993,5.226092466123311,3.1152889728546143,4.196071624755859,24.0386962890625,0.26361083984375,-0.26361083984375,94,-0.641480527255265,456.7501044577179,1.0246369251891754,0.0195527286473607,131504708_1982706478.jpg,dominante,131504708,1982706478,0.3065231165308277,0.07504692673683167
1154,865,0.99821,52.2656135559082,21.546077728271484,1.4813741048177085,1.3432820638020837,5.516254323391437,3.6129205226898193,4.1684370040893555,12.666171073913574,1.5275421142578125,1.5275421142578125,35,52.68748606626649,890.1534355233485,0.8951446292397445,0.0156415303548177,131522832_1983149514.jpg,"dominante,storta,bassa_risoluzione",131522832,1983149514,0.8974249903530677,0.05987495929002762
1154,865,0.99821,54.734619140625,25.2563533782959,0.0356038411458333,3.313446044921875,6.175641874370567,0.8226854205131531,6.120599746704102,12.56850814819336,0.0513381958007812,0.0513381958007812,47,-5.031139294456474,502.70666428259574,1.0622939054860572,0.002051035563151,131522832_1983149624.jpg,"dominante,bassa_risoluzione",131522832,1983149624,0.5439104685926417,0.07465068995952606
1154,865,0.99821,57.9077033996582,23.25904655456543,0.0223795572916666,2.6030222574869795,8.928552957833276,0.624476969242096,8.90668773651123,18.04956817626953,0.8934402465820312,0.8934402465820312,51,-52.241296419959475,537.9258226800771,0.7776531113865576,0.0024134318033854,131522832_1983149626.jpg,"dominante,storta,bassa_risoluzione",131522832,1983149626,1.3277650705130064,0.07384981215000153
1154,865,0.99821,50.15093994140625,23.441059112548828,2.551523844401042,2.0661671956380205,9.399899707713686,0.4984288215637207,9.386675834655762,15.054158210754396,1.579345703125,-1.579345703125,152,-12.788599940081806,381.2682020708049,0.4136554348898726,0.0203539530436197,131522832_1983149636.jpg,"buia,dominante,storta,bassa_risoluzione",131522832,1983149636,2.087778068204463,0.0897550955414772
1154,865,0.99821,48.902191162109375,26.591209411621097,0.113677978515625,7.094065348307292,7.341426332451949,0.637604296207428,7.313685894012451,10.201844215393066,3.214080810546875,-3.214080810546875,100,-14.509045592356536,262.9392470939913,0.3209927962332534,0.0002314249674479,131522832_1983149638.jpg,"buia,dominante,storta,bassa_risoluzione",131522832,1983149638,2.787858007266633,0.06473387777805328
1154,865,0.99821,60.1150016784668,23.425168991088867,0.0522613525390625,1.8254597981770833,2.864426762408166,-0.9733208417892456,2.69399094581604,17.209962844848633,0.54217529296875,-0.54217529296875,47,-11.881215750606582,447.60704039641934,0.5559758319396139,0.0025647481282552,131522832_1983149640.jpg,bassa_risoluzione,131522832,1983149640,0.0,0.1010613813996315
1154,865,0.99821,57.36655044555664,21.468852996826172,0.8370717366536459,2.70843505859375,1.2913980024595626,-0.2336124628782272,1.2700921297073364,5.540521144866943,0.0367584228515625,0.0367584228515625,50,-12.989136436596551,496.0569694153706,0.5063180735464582,0.0112953186035156,131522832_1983149644.jpg,bassa_risoluzione,131522832,1983149644,0.0,0.10502881556749344
1154,865,0.99821,48.31406021118164,18.41666603088379,0.81634521484375,1.501337687174479,4.563114429151243,-0.1464314758777618,4.560764312744141,6.252048492431641,1.0362625122070312,-1.0362625122070312,56,-12.987124192847608,326.57372112552633,0.4566603151533098,0.0123761494954427,131522832_1983149648.jpg,"buia,dominante,storta,bassa_risoluzione",131522832,1983149648,0.7002142609743343,0.07272426038980484
1154,865,0.99821,59.59762191772461,21.454509735107425,0.0165303548177083,1.2110392252604163,5.017691643469827,0.1310222893953323,5.0159807205200195,5.7277398109436035,2.1816558837890625,2.1816558837890625,84,-12.443330745522244,430.88934539248135,0.5063180735464675,0.0144971211751302,131522832_1983149654.jpg,"dominante,storta,bassa_risoluzione",131522832,1983149654,1.2088601667268315,0.08883827179670334
1154,865,0.99821,55.73448181152344,25.588956832885746,0.0514984130859375,3.0279795328776045,2.3217976961340088,-2.2295804023742676,0.647854745388031,11.72626781463623,1.9163818359375,-1.9163818359375,100,-18.622018250304357,539.2296206142814,0.5989807122030568,0.0259475708007812,131522832_1983149658.jpg,"storta,bassa_risoluzione",131522832,1983149658,0.777587890625,0.07970210909843445
1575,1050,1.65375,87.02268981933594,13.593901634216309,15.394800054904833,0.0054332906295754,4.545219464396319,2.1315948963165283,4.014389514923096,3.7570126056671143,0.146942138671875,-0.146942138671875,65,-1.2266461965773223,111.8702799400588,0.0926626386565959,0.3600884768484627,131548672_1983742632.jpg,"sovraesposta,dominante,sfocata",131548672,1983742632,1.2112802059219163,0.46696794033050537
1575,1050,1.65375,79.95602416992188,20.411029815673828,4.28858208272328,0.0328857064421669,3.785389594521814,2.105842113494873,3.14556884765625,5.747768878936768,0.1396942138671875,0.1396942138671875,77,-0.6087238640115371,156.23375871208685,0.0926626386566126,0.2616758556002928,131548672_1983742634.jpg,,131548672,1983742634,0.0,0.42934057116508484
1575,1050,1.65375,72.81389617919922,20.297101974487305,6.075276811859444,1.231927159590044,3.46013045931303,1.8598878383636477,2.917759418487549,4.659388542175293,0.1337966918945312,-0.1337966918945312,43,0.1383105118669088,182.34182529933528,0.2349830357063619,0.1198712596083455,131548672_1983742636.jpg,sovraesposta,131548672,1983742636,0.0075276811859444,0.24966315925121307
1575,1050,1.65375,66.69438934326172,33.194820404052734,40.78628294289898,1.570078010614934,7.054393032328063,-0.2861664891242981,7.048586368560791,6.614129066467285,0.2821578979492187,-0.2821578979492187,3,0.0,891.6543810838458,1.40811558091588,0.4408958066434846,131548672_1983742638.jpg,"sovraesposta,dominante",131548672,1983742638,4.242226552371914,0.18379338085651398
1575,1050,1.65375,71.76622009277344,25.339553833007812,23.369154923133237,0.1129552525622254,6.164667864472867,2.541912794113159,5.616209506988525,11.34939956665039,0.139923095703125,-0.139923095703125,6,2.134035657243641,937.5764442638584,1.1039938075864035,0.3862211749633967,131548672_1983742640.jpg,"sovraesposta,dominante",131548672,1983742640,2.27808245843154,0.32154974341392517
699,1050,0.73395,81.07076263427734,14.089788436889648,6.232284724479844,0.0294619635890767,4.132100308831043,1.4938474893569946,3.852618932723999,4.318729400634766,0.39990234375,-0.39990234375,45,0.3686807366455632,36.804418277963514,0.1174915178531667,0.2301588914174252,131548672_1983742642.jpg,"sovraesposta,dominante,sfocata,bassa_risoluzione",131548672,1983742642,1.442846578356353,0.14260677993297577
1575,1050,1.65375,66.90898132324219,22.32619285583496,4.423699441800879,0.4621156661786237,5.807818527649183,3.7473502159118657,4.437129974365234,13.768145561218262,0.0859298706054687,-0.0859298706054687,153,1.514028334969691,148.88247145366415,0.320992796233259,0.0791373078330893,131548672_1983743360.jpg,dominante,131548672,1983743360,0.4519546319122958,0.43066784739494324
1575,1050,1.65375,75.27692413330078,18.9058780670166,3.720660230600293,0.2024615666178623,5.481055212417337,3.4012460708618164,4.298079967498779,14.401422500610352,0.1852264404296875,0.1852264404296875,35,-0.3167637260439125,146.1798956956882,0.1241443959828676,0.0904099560761347,131548672_1983743364.jpg,dominante,131548672,1983743364,0.3702638031043341,0.34110310673713684
1575,1050,1.65375,65.23491668701172,24.10127830505371,1.163725064055637,0.2788135980966325,6.7027885243526155,3.869981288909912,5.472715854644775,14.290297508239746,0.0633773803710937,0.0633773803710937,107,-0.6994984353236805,207.8462578058148,0.320992796233252,0.0535407897144948,131548672_1983743370.jpg,dominante,131548672,1983743370,0.6756971310881539,0.21147629618644714
1575,1050,1.65375,50.41878509521485,24.88823699951172,2.5169003934846264,1.212338717057101,2.3654523650907033,2.365083694458008,-0.0417613424360752,11.274712562561035,0.059539794921875,0.059539794921875,170,0.1486890924855553,186.705988718354,0.506318073546454,0.0312628683199121,131548672_1983743374.jpg,buia,131548672,1983743374,0.1581214904785156,0.33225175738334656
1575,1050,1.65375,72.2476577758789,16.226673126220703,1.092663341874085,0.0569065702781844,0.8466440065318585,0.8411280512809753,-0.0964866578578949,10.166878700256348,0.0343399047851562,-0.0343399047851562,94,0.2233974845803391,262.76704907895015,0.3458216754298299,0.0471938483711566,131548758_1983744840.jpg,,131548758,1983744840,0.0,0.1893274337053299
1575,1050,1.65375,76.61157989501953,14.870682716369627,1.1254060669838946,0.1762959827964861,1.1996917545174164,1.1969753503799438,-0.0806865319609642,5.304694652557373,0.0157470703125,-0.0157470703125,54,-0.016125370041043,191.5221577692188,0.1108386397234793,0.1155989773975109,131548758_1983744844.jpg,,131548758,1983744844,0.0,0.23795686662197113
1575,1050,1.65375,75.26248931884766,16.20897102355957,0.5506211109077599,0.2552216782576867,1.4297249275172854,1.412517786026001,0.2211489826440811,5.707117080688477,0.1450729370117187,-0.1450729370117187,59,-1.2400674049083031,169.81317911715198,0.0678337594600193,0.0849180431002928,131548758_1983744846.jpg,,131548758,1983744846,0.0,0.29181018471717834
1575,1050,1.65375,65.21134948730469,19.58658218383789,2.1445770040263543,0.3001178166178623,1.5668095994605191,1.2494879961013794,-0.9453423023223876,8.150054931640625,0.10943603515625,-0.10943603515625,108,1.0374037952109276,289.483507055456,0.2531590367732267,0.0367218955893118,131548758_1983744850.jpg,,131548758,1983744850,0.0,0.19167326390743256
1575,1050,1.65375,62.63116455078125,17.095109939575195,0.4335193997071742,0.2066080252562225,1.6210668004217,1.4475350379943848,0.7297258973121643,8.3441743850708,0.00152587890625,-0.00152587890625,89,-0.4256687211279705,258.6411622560198,0.253159036773224,0.0223251052342606,131548758_1983744852.jpg,,131548758,1983744852,0.0,0.2551640570163727
1575,1050,1.65375,73.5844955444336,15.473578453063965,4.4614465135431915,0.0011438506588579,2.4530460679524,-2.389817953109741,-0.5533580780029297,8.439940452575684,0.0909347534179687,0.0909347534179687,133,-0.5892774553433544,239.57384413458337,0.2779879159697973,0.0784824533308931,131548758_1983744856.jpg,,131548758,1983744856,0.0,0.24831481277942657
1575,1050,1.65375,81.90673828125,11.329386711120604,0.7334942349926794,0.0025736639824304,2.2856659542261557,-2.1237664222717285,0.8449171781539917,7.0283403396606445,0.06158447265625,0.06158447265625,97,-0.0317301037733056,147.68697667994985,0.092662638656616,0.1162452530197657,131548758_1983744860.jpg,,131548758,1983744860,0.0,0.38755878806114197
1575,1050,1.65375,72.94171905517578,18.543060302734375,4.439999313689605,0.0117244692532942,3.4896052195609264,0.8031554818153381,3.3959219455718994,9.369888305664062,0.0505447387695312,0.0505447387695312,107,-2.918033156275885,214.8564221601332,0.2531590367732273,0.1448715455710102,131548758_1998714222.jpg,,131548758,1998714222,0.0,0.28081297874450684
1575,1050,1.65375,66.64715576171875,20.968029022216797,2.6971998535871156,0.0240208638360175,4.67195086670563,1.045607566833496,4.553441524505615,11.379284858703612,0.031524658203125,-0.031524658203125,43,-0.6647789212431785,204.7926253957955,0.1604963981166313,0.0258267180636896,131548758_1998714268.jpg,dominante,131548758,1998714268,0.1679877166764074,0.2774061858654022
1575,1050,1.65375,71.1688461303711,18.264238357543945,0.6336932650073206,0.0607670662518301,1.779955543748584,1.3257238864898682,-1.1877280473709106,10.713689804077148,0.0,0.0,78,-1.3787700524444275,171.63998093011594,0.117491517853173,0.0089663593521229,131548758_1998714306.jpg,,131548758,1998714306,0.0,0.44052985310554504
1575,1050,1.65375,78.50140380859375,17.707576751708984,0.9293786603221084,0.1035184846266471,4.982210081068174,0.1435663253068924,4.9801411628723145,8.872222900390625,0.2572479248046875,0.2572479248046875,19,0.4494654910740464,136.5303296846833,0.1604963981166195,0.1434546005673499,131549616_1983768214.jpg,dominante,131549616,1983768214,0.2455525202670434,0.37844550609588623
1575,1050,1.65375,78.09139251708984,19.625120162963867,0.996722867862372,0.1971712573206442,8.256664239177619,0.64989173412323,8.231047630310059,10.623701095581056,0.2023849487304687,0.2023849487304687,50,0.2339915278962925,173.939661870868,0.1174915178531761,0.0934954932284041,131549616_1983768220.jpg,dominante,131549616,1983768220,1.0641660597944047,0.3031187653541565
1574,1050,1.6527,73.92010498046875,18.755651473999023,1.9266734535139096,0.1181025805270863,7.202256463735339,-0.0347240455448627,7.202172756195068,9.207672119140623,0.12249755859375,0.12249755859375,73,0.1294886445218596,168.59402511031877,0.4633131932830207,0.1311324693448023,131549616_1983768226.jpg,dominante,131549616,1983768226,0.8005641159338348,0.3342209458351135
1575,1050,1.65375,73.21263885498047,23.37632942199707,1.674740345900439,0.903213076500732,7.743913206590936,1.22330641746521,7.646679878234863,9.310392379760742,0.196044921875,0.196044921875,54,0.2784839908357301,203.628374470649,0.2531590367732386,0.1040346472364568,131549616_1983768234.jpg,dominante,131549616,1983768234,0.935978301647734,0.23768112063407898
1574,1050,1.6527,74.57103729248047,17.282379150390625,1.387347867862372,0.1105245699121522,11.1505847710192,1.554773449897766,11.041658401489258,13.353263854980469,0.153228759765625,-0.153228759765625,74,-0.8908777056942881,168.4108954603788,0.3706505546263922,0.0394585582906295,131549616_1983768238.jpg,dominante,131549616,1983768238,1.7876461927548002,0.2307107150554657
1575,1050,1.65375,80.49343872070312,18.76860237121582,14.092097135797951,0.1448400896778916,7.119018370818034,1.223701000213623,7.013057708740234,6.600025653839111,0.2087554931640625,0.2087554931640625,73,3.1591196884318316,122.00636612918947,0.2531590367731997,0.2924583066434846,131549616_1983768242.jpg,"sovraesposta,dominante",131549616,1983768242,1.5889643062843035,0.15138454735279083
1575,1050,1.65375,77.2542724609375,14.249795913696287,0.5155906844802343,0.2769548407759883,9.89579384272054,1.802189588546753,9.730305671691896,10.74704933166504,0.2105712890625,-0.2105712890625,63,-0.1572720009873689,113.25087206248412,0.1108386397234832,0.1157376692898975,131549616_1983768250.jpg,"dominante,sfocata",131549616,1983768250,1.5864339263053997,0.25990405678749084
1573,1050,1.65165,74.0551986694336,16.288421630859375,1.5355160361842104,0.436312134502924,8.488733710005844,0.8192311525344849,8.44911003112793,11.141225814819336,0.431396484375,-0.431396484375,87,0.2563058248910437,163.05077111920193,0.2216772794469705,0.0944781387061403,131549616_1983768256.jpg,dominante,131549616,1983768256,1.122183427501461,0.23682279884815216
1574,1050,1.6527,73.17835235595703,20.370994567871097,0.0348874450951683,0.2746671394582723,10.546572734472562,0.7956085801124573,10.516520500183104,13.2218599319458,0.3682403564453125,0.3682403564453125,76,-4.510978106417537,229.59522803883937,0.185325277313195,0.0390324739202049,131549616_1983768264.jpg,dominante,131549616,1983768264,1.6366431836181403,0.26136502623558044
1574,1050,1.6527,67.37935638427734,21.345947265625,0.3763268667642752,0.43166064238653,11.22954971354496,0.6822732090950012,11.2088041305542,12.3607177734375,0.2831878662109375,0.2831878662109375,64,0.7866572912949147,248.52708924184645,0.2283301575766492,0.0499448092057101,131549616_1983768270.jpg,dominante,131549616,1983768270,1.8073874283862397,0.19126637279987335
1400,1050,1.47,61.49834060668945,23.153772354125977,0.0,5.430348714192709,7.967202276589575,-2.6692750453948975,7.506749153137207,18.915464401245117,2.0471878051757812,-2.0471878051757812,71,5.709234006443133,600.4299757363414,0.9944601460260336,0.0036582946777343,131617838_1985520346.jpg,"dominante,storta",131617838,1985520346,1.8565924392645812,0.12818659842014313
1680,945,1.5876,65.21034240722656,19.75307846069336,0.0001695421006944,0.2215915256076389,4.370966675340493,1.0451781749725342,4.244166851043701,10.907808303833008,4.442375183105469,4.442375183105469,10,-50.5622215892373,4164.510066395729,7.135023176558215,0.0161794026692708,131617838_1985520364.jpg,"dominante,storta,rumorosa",131617838,1985520364,5.644340575277578,0.12210945039987564
1400,1050,1.47,54.26386642456055,28.59382438659668,0.0001271565755208,6.4123789469401045,8.662774785170713,0.1021651625633239,8.662172317504883,14.741947174072266,0.0,0.0,191,0.9460820722396436,1188.7973837352654,1.1186045420088897,0.0027402242024739,131617838_1985520388.jpg,dominante,131617838,1985520388,1.1656936962926785,0.1453629583120346
1680,945,1.5876,67.43128204345703,15.93253231048584,0.0,0.0008477105034722,8.925313964440742,0.9847230911254884,8.87082576751709,18.02922821044922,0.24163818359375,-0.24163818359375,69,3.172727380212387,2019.941824083915,3.0486042412118817,0.0093434651692708,131617838_1985520402.jpg,"dominante,rumorosa",131617838,1985520402,1.5970646519181064,0.16786809265613556
1400,1050,1.47,60.97943115234375,20.061798095703125,0.0001271565755208,2.5071461995442705,8.903050280832144,-3.7396743297576904,8.079550743103027,16.708677291870117,3.592742919921875,3.592742919921875,57,11.67492210613724,699.5980971717104,0.9696312668294682,0.0031051635742187,131617838_1985520418.jpg,"dominante,storta",131617838,1985520418,3.120924516822619,0.18473632633686066
1400,1050,1.47,62.42765808105469,23.676851272583008,0.0,2.808380126953125,10.337982436633563,-1.2906275987625122,10.257102966308594,15.346275329589844,0.2653884887695312,-0.2653884887695312,43,6.108945576610931,355.2169154703863,0.7776531113865764,0.0024515787760416,131617838_1985520436.jpg,dominante,131617838,1985520436,1.5844956091583908,0.1423744112253189
1400,1050,1.47,56.6579704284668,29.90236473083496,0.0003814697265625,3.938039143880209,7.328153590663312,-2.9625723361968994,6.702611446380615,9.748148918151855,0.820404052734375,0.820404052734375,71,-8.511916353265237,398.163231745511,0.4633131932829969,0.0015513102213541,131617838_1985520450.jpg,"dominante,storta",131617838,1985520450,0.8789744328220781,0.18374545872211456
1400,1050,1.47,65.1290054321289,20.312103271484375,0.0,2.4702707926432295,8.135986623189197,-0.2019027918577194,8.1334810256958,10.11202335357666,0.2128448486328125,0.2128448486328125,89,-4.6542623653091955,293.0698043617045,0.3755207994338944,0.003888448079427,131617838_1985520464.jpg,dominante,131617838,1985520464,1.0339966557972993,0.13553272187709808
1400,1050,1.47,57.50773239135742,27.162094116210938,0.0026702880859375,3.779220581054687,11.191917288220244,-0.0518339313566684,11.191797256469728,17.231109619140625,0.30792236328125,0.30792236328125,110,-3.3104438312555544,368.8133735545351,0.6916433508596733,0.0031890869140625,131617838_1985520488.jpg,dominante,131617838,1985520488,1.797979322055061,0.15732452273368835
1400,1050,1.47,64.54278564453125,23.378236770629883,0.0035603841145833,4.958597819010416,10.091896770272651,-2.9979794025421143,9.636311531066896,16.445697784423828,0.361663818359375,-0.361663818359375,88,3.983208031385392,297.9865693227427,0.5741518330064825,0.0054613749186197,131617838_1985520500.jpg,dominante,131617838,1985520500,1.5229741925681628,0.21871472895145416
1680,1050,1.764,52.13956832885742,24.94566535949707,0.01953125,0.738983154296875,2.9585450196587675,2.5929744243621826,1.4245954751968384,17.417856216430664,0.0851211547851562,-0.0851211547851562,131,3.278584068876276,752.6133332571014,1.4626435841165255,0.0268569946289062,131619476_1985558544.jpg,,131619476,1985558544,0.0,0.07033386826515198
1680,1050,1.764,47.903995513916016,24.923385620117188,0.40283203125,1.32354736328125,2.7465349058058544,2.141402006149292,1.7198405265808103,20.25113868713379,0.142578125,-0.142578125,89,-4.790707817398485,561.0720580488071,1.224572936924878,0.0325668334960937,131619476_1985558584.jpg,buia,131619476,1985558584,0.4096004486083984,0.08758056908845901
1680,1050,1.764,71.66439056396484,18.79183006286621,0.0,0.7832336425781249,2.351680705826961,0.6865476369857788,2.249234199523926,15.320432662963867,0.18798828125,-0.18798828125,55,-1.7122084241735578,450.22207480696727,0.727995352993427,0.01077880859375,131619476_1985558592.jpg,,131619476,1985558592,0.0,0.08896208554506302
1680,1050,1.764,57.2230339050293,26.240739822387695,0.280303955078125,0.6121826171875,3.627689811276632,2.044638156890869,2.996596097946167,16.58249855041504,0.1015167236328125,0.1015167236328125,97,1.0263547660378325,557.6957047715574,1.0374650262894862,0.0338302612304687,131619476_1985558600.jpg,,131619476,1985558600,0.0,0.09444822371006012
1680,1050,1.764,53.66581344604492,22.726749420166016,0.12542724609375,0.283355712890625,5.5856952901784345,4.912850379943848,2.6577985286712646,26.924474716186523,0.97283935546875,0.97283935546875,18,-1.6772151707059304,2314.2363648575147,2.418969094686599,0.0046737670898437,131619476_1985558620.jpg,"dominante,storta",131619476,1985558620,0.5449833928571086,0.05565512552857399
1680,1050,1.764,55.56166458129883,26.177188873291016,0.66986083984375,0.4911804199218749,2.3901659270329203,1.7594404220581057,1.6177955865859983,19.492990493774418,0.2643890380859375,0.2643890380859375,141,-2.4236744338146536,753.4253797069169,1.2839711849330344,0.0478652954101562,131619476_1985558632.jpg,,131619476,1985558632,0.0,0.08915962278842926
1680,1050,1.764,45.69686126708984,25.585479736328125,0.284576416015625,2.885284423828125,3.5448760435162523,2.006863832473755,2.922095775604248,25.325946807861328,0.0689697265625,0.0689697265625,90,-0.4093123780484013,570.2492697000295,1.1664796670798483,0.0296981811523437,131619476_1985558646.jpg,buia,131619476,1985558646,0.6303138732910156,0.09705127030611038
1680,1050,1.764,48.81952667236328,25.217151641845703,0.8181762695312501,0.92926025390625,3.564786578184853,1.9474735260009768,2.9858081340789795,23.19733238220215,0.00714111328125,-0.00714111328125,104,-0.8167138280442576,717.9498778289557,1.1155169305235786,0.0250228881835937,131619476_1985558662.jpg,buia,131619476,1985558662,0.3180473327636718,0.11342126131057739
1680,1050,1.764,51.23625946044922,22.541728973388672,0.4209899902343749,0.2299499511718749,3.7274056821592514,3.533616781234741,1.186214804649353,33.11943817138672,0.0021438598632812,-0.0021438598632812,79,-1.6839992603452654,1537.4834164914116,2.0882358088383524,0.01085205078125,131619476_1985558676.jpg,buia,131619476,1985558676,0.0763740539550781,0.06293976306915283
1680,1050,1.764,77.45182037353516,16.941320419311523,0.01068115234375,0.109405517578125,0.4574660670753846,-0.4368543922901153,-0.1357698142528534,2.367676258087158,0.0085906982421875,0.0085906982421875,94,-1.0124006849749707,305.7567730024248,0.5063180735464378,0.0482711791992187,131619476_1985558790.jpg,,131619476,1985558790,0.0,0.0907488614320755
1151,797,0.917347,28.306791305541992,26.581626892089844,0.327540990832158,8.767713108251057,8.45194002113842,4.5647735595703125,7.113236427307129,11.28712558746338,0.000244140625,-0.000244140625,55,0.1546784319964212,932.9105493172676,0.3458216754298258,0.0058070345557122,131663216_1986472012.jpg,"buia,dominante,bassa_risoluzione",131663216,1986472012,3.4823058747304056,0.07075729221105576
778,1050,0.8169,58.787315368652344,19.919591903686523,0.1160992899782923,1.0419964272793054,8.876177317816474,5.281985759735107,7.133522987365723,15.43520736694336,0.1505508422851562,-0.1505508422851562,38,5.1122838040748855,271.4325493486583,0.5311469527430178,0.0062812330408827,131663216_1986479674.jpg,"dominante,bassa_risoluzione",131663216,1986479674,1.2190443294541184,0.19898565113544464
698,1050,0.7329,52.59529113769531,25.301572799682617,0.0200385551948051,1.4980722402597402,6.685233550950147,4.3531951904296875,5.0736613273620605,22.64326286315918,3.303466796875,3.303466796875,111,-8.197568218411487,102.06596823010122,0.3888265556932744,0.003182705965909,131663216_1986479682.jpg,"dominante,storta,sfocata,bassa_risoluzione",131663216,1986479682,2.6725201151525164,0.09570296108722687
1151,869,1.000219,58.71892166137695,23.886747360229492,0.0232454721862871,1.72888199385511,5.373683160048219,3.874328374862671,3.723714590072632,8.941805839538574,0.0820465087890625,0.0820465087890625,67,2.5942156698366334,820.4207071100866,0.7727828665790731,0.0342390645213454,131663216_1986479688.jpg,dominante,131663216,1986479688,0.3434207900120547,0.15591731667518616
821,1050,0.86205,60.86860656738281,19.00675392150879,0.0922888835877862,0.4033724952290076,6.529633850284373,3.135690689086914,5.7274394035339355,19.1373291015625,1.464447021484375,1.464447021484375,4,0.0,192.25561832078984,0.4384843140864389,0.0248620885019083,131663216_1986479698.jpg,"dominante,storta,bassa_risoluzione",131663216,1986479698,1.10870647689401,0.13904914259910583
1049,1050,1.10145,26.80496597290039,10.411419868469238,0.0,0.7020769817073171,6.248686355998099,-3.5008749961853027,-5.175901412963867,21.630830764770508,0.16156005859375,-0.16156005859375,3,0.0,303.41728730625516,0.4633131932830004,0.0002829649390243,131663216_1986479704.jpg,"buia,dominante",131663216,1986479704,3.0816749917094857,0.05708400905132294
1049,1050,1.10145,21.194032669067383,15.808340072631836,0.0011432926829268,2.121760670731707,4.569839808892353,0.9883390069007874,-4.461683750152588,8.752115249633789,0.00018310546875,-0.00018310546875,4,0.0,256.2501328497084,0.4384843140864284,0.0004411204268292,131663216_1986479734.jpg,"buia,dominante",131663216,1986479734,3.22305668531635,0.047425221651792526
1049,1050,1.10145,23.06997299194336,13.263995170593262,9.527439024390244e-05,2.398151676829269,4.89158336101601,-2.144252061843872,4.396563529968262,11.727309226989746,0.0096359252929687,0.0096359252929687,5,-0.4640960051686844,377.78640721417304,0.7231251081859142,0.000358231707317,131663216_1986479746.jpg,"buia,dominante",131663216,1986479746,3.115898541059667,0.23235014081001282
1049,1050,1.10145,25.012107849121097,13.711405754089355,0.0001905487804878,1.729325457317073,2.3621896874799577,1.2265610694885254,-2.0187838077545166,4.886175632476807,0.02850341796875,-0.02850341796875,12,-0.3419219204471031,182.2017970982912,0.3458216754298264,0.0006126143292682,131663216_1986479780.jpg,buia,131663216,1986479780,2.6987892150878907,0.06832455843687057
1049,1050,1.10145,26.30490493774414,11.866324424743652,0.0,4.082983993902439,5.004875144171656,1.5798332691192627,-4.748989582061768,5.957900047302246,0.0201416015625,-0.0201416015625,11,0.4933807301718434,180.0237357029994,0.3209927962332606,0.0007193216463414,131663216_1986479792.jpg,"buia,dominante",131663216,1986479792,2.8207282922685,0.06042858958244324
1575,1050,1.65375,67.3824691772461,23.32430648803711,3.8950974560761344,0.7037541178623719,2.277882734276166,1.2365853786468506,1.913009762763977,8.490142822265625,0.807373046875,-0.807373046875,76,-0.4615520046302415,330.0955932911756,0.4566603151533195,0.0825388337298682,131683586_1986985508.jpg,storta,131683586,1986985508,0.0382486979166666,0.3255465626716614
1575,1050,1.65375,67.7043685913086,22.186750411987305,4.60128225658858,0.2974011713030747,2.1554227726132855,1.2749148607254028,1.7379411458969116,8.701236724853516,0.5770263671875,-0.5770263671875,97,-2.6838240986931305,327.2004184978487,0.5063180735464538,0.0654139595534407,131683586_1986985544.jpg,,131683586,1986985544,0.0,0.27384254336357117
1575,1050,1.65375,59.97865676879883,23.8104305267334,2.632715272693997,2.7769834370424595,4.3712820511893,2.6433005332946777,3.481532573699951,10.564020156860352,0.41241455078125,-0.41241455078125,127,-2.9737023201240236,275.55103666108266,0.5559758319395919,0.0369363675878477,131683586_1986985578.jpg,dominante,131683586,1986985578,0.0928205127973249,0.35439446568489075
1575,1050,1.65375,66.8792953491211,19.067188262939453,0.026022602489019,0.0097227306002928,2.059596728589927,1.5311495065689087,1.3775049448013306,12.352341651916504,0.8963470458984375,-0.8963470458984375,123,-1.939911856334736,425.77982876346294,0.666814471663088,0.007685246614202,131683586_1986985618.jpg,storta,131683586,1986985618,0.097564697265625,0.26037704944610596
1575,1050,1.65375,74.75425720214844,17.05426788330078,3.275559342972181,0.0048613653001464,1.5774223520733446,1.5047276020050049,0.4733456671237945,5.891276836395264,1.463409423828125,-1.463409423828125,101,0.63912858619934,203.51561345707535,0.3706505546263936,0.059423041727672,131683586_1986985658.jpg,storta,131683586,1986985658,0.4756062825520833,0.27458420395851135
1575,1050,1.65375,71.35114288330078,20.483776092529297,0.361170845534407,0.0077209919472913,1.880248541188086,1.20903742313385,1.4399871826171875,9.177127838134766,0.855804443359375,-0.855804443359375,167,-2.1824913754211663,269.0267331730972,0.481489194349883,0.067847501830161,131683586_1986985688.jpg,storta,131683586,1986985688,0.0705362955729166,0.29137060046195984
1575,1050,1.65375,73.84938049316406,18.75988388061523,0.8751887353587116,0.0002859626647144,1.6928983037960386,1.380788803100586,-0.97945237159729,6.966897010803223,1.0787734985351562,-1.0787734985351562,112,0.3243487306576795,240.1490186456313,0.5311469527430432,0.0874273654831625,131683586_1986985726.jpg,storta,131683586,1986985726,0.2191823323567708,0.25045228004455566
1575,1050,1.65375,67.31358337402344,21.94308280944824,3.518627607979502,0.0011438506588579,1.5826952308794904,1.256851315498352,0.9618986248970032,6.874844074249268,0.94573974609375,-0.94573974609375,131,-1.0442825387552006,190.30186049557935,0.4566603151533238,0.0420465204062957,131683586_1986985762.jpg,storta,131683586,1986985762,0.1304931640625,0.23757360875606537
1575,1050,1.65375,74.4345474243164,19.513782501220703,1.8983631497071745,0.0,1.2522592810382984,1.0999658107757568,0.5985219478607178,6.907027721405029,1.07958984375,-1.07958984375,83,0.8538062929250343,149.49414755008382,0.4681834380905108,0.0854098988836017,131683586_1986985794.jpg,storta,131683586,1986985794,0.2197265625,0.29734665155410767
1575,1050,1.65375,67.77056884765625,18.716751098632812,2.191331899707174,0.0135832265739385,1.9779752062386673,1.5196548700332642,1.2661101818084717,6.098516464233398,0.658477783203125,-0.658477783203125,158,2.0598693933348615,246.361263674311,0.5063180735464611,0.0740471724011713,131683586_1986985836.jpg,,131683586,1986985836,0.0,0.2286292463541031
1151,797,0.917347,30.166419982910156,29.451011657714844,1.183444992947814,8.752010974964739,7.575827956443607,0.2557357549667358,7.571510314941406,12.188206672668455,0.000396728515625,-0.000396728515625,30,-0.0770938848132177,927.866039517664,0.3209927962332591,0.0125727256699576,131745792_1988516116.jpg,"buia,dominante,bassa_risoluzione",131745792,1988516116,3.077314990819886,0.06636527925729752
1151,829,0.954179,60.865943908691406,24.74196434020996,0.6597751524390244,0.3507950118563685,6.3728725656377625,0.6322242021560669,6.341434955596924,15.780243873596191,0.1105804443359375,-0.1105804443359375,19,10.439053019162666,182.87184325002815,0.4633131932829894,0.0109750804539295,131745792_1988526256.jpg,"dominante,bassa_risoluzione",131745792,1988526256,0.5932181414094406,0.06469445675611496
1151,911,1.048561,62.688114166259766,21.55178451538086,0.4261911651234568,0.2277440200617284,3.678719589050765,-2.3231112957000732,2.8523905277252197,18.06814765930176,0.1367874145507812,0.1367874145507812,37,0.0735376913198943,176.0369348219869,0.2779879159698091,0.0076340663580246,131745792_1988526266.jpg,,131745792,1988526266,0.0,0.23916807770729065
1151,901,1.037051,56.83586883544922,21.566001892089844,0.9726659912718204,0.0031659133416458,5.3124647877240045,-1.99483060836792,4.92371129989624,13.365516662597656,0.7948989868164062,-0.7948989868164062,22,-1.2527923284944058,362.80838889953986,0.6916433508596456,0.0127257539744389,131745792_1988526276.jpg,"dominante,storta",131745792,1988526276,0.3580488548086053,0.15672104060649872
1151,880,1.01288,53.60707092285156,20.1663761138916,0.0739593310983397,0.2200071839080459,4.137631431908035,-2.4645466804504395,3.3235528469085693,15.178427696228027,2.0002670288085938,2.0002670288085938,39,-2.607997138450626,279.8827180929283,0.4384843140864282,0.001389387771392,131745792_1988526278.jpg,"dominante,storta",131745792,1988526278,0.8679192105160713,0.2503202259540558
1151,897,1.032447,69.54088592529297,21.32342529296875,6.092624138471178,0.0523770363408521,2.4756996712025905,-1.5841832160949707,1.9024858474731443,15.82878303527832,0.0006637573242187,-0.0006637573242187,8,4.377163534947717,184.72044637506912,0.1604963981166303,0.0653978696741854,131745792_1988526286.jpg,sovraesposta,131745792,1988526286,0.0092624138471178,0.0600074902176857
1049,1050,1.10145,29.29219436645508,8.924039840698242,0.0,0.0379192073170731,2.3381002645123212,1.902565836906433,1.359027624130249,9.312938690185549,0.0,0.0,3,0.0,196.58598360802665,0.3524745535595233,0.0007374237804878,131745792_1988526288.jpg,buia,131745792,1988526288,2.270780563354492,0.0718093141913414
1049,1050,1.10145,35.03448486328125,17.712711334228516,0.0023818597560975,0.7795350609756098,4.660877162140253,1.3311249017715454,4.466753005981445,5.524032115936279,0.0428543090820312,-0.0428543090820312,5,-0.0557540308579323,408.9366019032185,0.9084503854991244,0.0003620426829268,131745792_1988526294.jpg,"buia,dominante",131745792,1988526294,1.8617708042069383,0.23155736923217773
1049,1050,1.10145,21.194047927856445,15.808238983154297,0.0011432926829268,2.121760670731707,4.569928318615571,0.9883909225463868,-4.46176290512085,8.752121925354004,0.00018310546875,-0.00018310546875,4,0.0,256.231914480806,0.4384843140864284,0.0004411204268292,131745792_1988526302.jpg,"buia,dominante",131745792,1988526302,3.223077286868248,0.047425221651792526
1049,1050,1.10145,24.676105499267575,14.886743545532228,0.0001905487804878,2.5330602134146343,3.9816233518866695,0.7728732228279114,3.9058918952941895,10.698315620422363,0.00726318359375,-0.00726318359375,4,0.0,499.0311680266036,0.9944601460260276,0.0001295731707317,131745792_1988526304.jpg,buia,131745792,1988526304,2.732389450073242,0.2301197201013565
1400,1050,1.47,49.83595657348633,24.469072341918945,0.0044504801432291,0.6888071695963542,2.135684326151527,1.6729382276535034,1.3275636434555054,14.501399993896484,5.5731201171875,-5.5731201171875,15,32.333298152433784,1476.193673984172,1.5504359779656256,0.000281016031901,131895562_1992047622.jpg,"buia,storta",131895562,1992047622,3.4318177541097006,0.2659318149089813
1400,1050,1.47,50.07249450683594,24.051130294799805,0.0066121419270833,0.5944569905598958,2.5077180443603946,2.287362575531006,1.0279213190078735,14.228050231933594,2.79656982421875,-2.79656982421875,23,33.9229552821378,1471.636851346817,1.4941253414427869,0.0004603068033854,131895562_1992047694.jpg,"buia,storta",131895562,1992047694,1.5571304321289063,0.20153357088565826
1400,1050,1.47,56.68226623535156,20.31904983520508,0.2173105875651041,1.5974680582682292,5.483465882621463,0.0507458820939064,5.483231067657471,12.537213325500488,0.6507186889648438,0.6507186889648438,53,-3.8595125361042144,165.77818095323002,0.271335037840113,0.0024503072102864,131895562_1992047766.jpg,dominante,131895562,1992047766,0.3708664706553657,0.23905302584171295
1400,1050,1.47,56.35197830200195,19.273204803466797,0.0462849934895833,1.6951243082682292,7.9999218454896015,1.0313079357147217,7.933167934417725,14.86854076385498,0.4299240112304687,-0.4299240112304687,58,-15.33339219845554,227.26357474441303,0.5063180735464703,0.0024299621582031,131895562_1992047780.jpg,dominante,131895562,1992047780,0.9999804613724004,0.294285386800766
1400,1050,1.47,53.4144172668457,21.61959648132324,0.0690460205078125,2.319081624348958,8.971110151083465,1.252720832824707,8.883214950561523,15.436200141906738,3.561279296875,-3.561279296875,60,-15.758227461563584,186.75046284486436,0.4699660714126674,0.0026766459147135,131895562_1992047796.jpg,"dominante,storta",131895562,1992047796,3.1169637356875333,0.2438603639602661
1400,1050,1.47,54.57841491699219,22.50648498535156,0.1458485921223958,2.399444580078125,7.656101725956122,0.8256323337554932,7.611453533172607,15.710658073425291,0.0700759887695312,-0.0700759887695312,55,-21.31859680289346,204.8211133480072,0.5129709516761456,0.0050201416015625,131895562_1992047830.jpg,dominante,131895562,1992047830,0.9140254314890306,0.25847864151000977
1400,1050,1.47,63.10403823852539,18.139253616333008,0.0161488850911458,1.7932891845703125,7.321117098219657,1.0347611904144287,7.247622013092041,15.453801155090332,1.3507156372070312,1.3507156372070312,51,-7.369528441728613,275.0362435862771,0.5129709516761469,0.0004158020019531,131895562_1992047856.jpg,"dominante,storta",131895562,1992047856,1.2307563660262686,0.23080547153949738
1559,1050,1.63695,61.20760726928711,21.633012771606445,0.0676517210144927,4.599326313405797,3.9223610423609903,0.0133723746985197,3.9223382472991943,10.207494735717772,1.8307952880859375,1.8307952880859375,48,-4.068151100832367,277.985426516612,0.3888265556932655,0.001276607789855,131895562_1992047884.jpg,storta,131895562,1992047884,0.7205301920572916,0.2569759488105774
1400,1050,1.47,63.48627853393555,19.266027450561523,0.003814697265625,2.909342447916667,2.108418873608151,0.4332722723484039,2.0634207725524902,12.99359130859375,0.71258544921875,-0.71258544921875,33,-11.488233128146376,135.9227653093775,0.2895110389069781,7.62939453125e-05,131895562_1992047904.jpg,,131895562,1992047904,0.0,0.28997737169265747
1400,1050,1.47,65.41776275634766,16.764009475708008,0.0286102294921875,0.3354390462239583,8.160796711292209,1.0038150548934937,8.098824501037598,21.93487548828125,3.93511962890625,3.93511962890625,43,-12.0120441619026,153.90043684634375,0.3227754295554497,0.0004971822102864,131895562_1992047912.jpg,"dominante,storta",131895562,1992047912,3.163612263760552,0.22856290638446808
1575,1050,1.65375,69.47679901123047,22.35657501220703,6.295897007686676,1.199041453147877,5.022310774074448,1.8563640117645264,4.6666388511657715,7.780395030975342,0.17047119140625,-0.17047119140625,81,-0.8058365645982041,206.82443700976745,0.2779879159697903,0.0885040149158126,131934158_1992920360.jpg,"sovraesposta,dominante",131934158,1992920360,0.2851673942872796,0.3268445134162903
1575,1050,1.65375,59.07462310791016,27.90427017211914,4.070535550878477,5.379958592606149,4.431714693668609,0.8478372693061829,4.349858283996582,9.894153594970703,0.0764236450195312,0.0764236450195312,98,0.3859101413525433,221.31183910888527,0.2779879159698065,0.0520838099377745,131934158_1992920362.jpg,dominante,131934158,1992920362,0.1079286734171522,0.23553362488746643
1575,1050,1.65375,72.79479217529297,22.44352912902832,0.991575539897511,0.856315199487555,2.122224364895374,1.1761431694030762,1.7665003538131714,9.365757942199709,0.0251083374023437,0.0251083374023437,104,-3.8402270425556857,263.92625448925986,0.2150244013172592,0.0786168557833089,131934158_1992920364.jpg,,131934158,1992920364,0.0,0.25187817215919495
1575,1050,1.65375,78.24435424804688,21.108503341674805,2.438403642020498,0.4538227489019033,1.6482514490834976,1.3035917282104492,1.0086532831192017,7.768586158752441,0.021697998046875,0.021697998046875,57,-0.5064001280717609,202.14099244198735,0.1853252773132033,0.2034238309846266,131934158_1992920368.jpg,,131934158,1992920368,0.0,0.2353227287530899
1575,1050,1.65375,76.4263916015625,18.93330955505371,4.648609077598829,0.0690599835285505,4.907338938788062,3.5068154335021973,3.4328153133392334,14.339347839355469,0.0677719116210937,0.0677719116210937,102,-0.0548818491019252,239.0431703487701,0.3028167951663696,0.1533789348462664,131934158_1992920370.jpg,dominante,131934158,1992920370,0.2268347346970154,0.19723370671272278
1575,1050,1.65375,71.60458374023438,14.374517440795898,0.3886232613469985,0.0,8.505694100059673,0.7647611498832703,8.471243858337402,15.519042015075684,0.064208984375,-0.064208984375,68,-0.505146045573379,165.36714264613056,0.7049491071190378,0.0656127036054172,131934158_1992920372.jpg,dominante,131934158,1992920372,1.1264235250149182,0.32887157797813416
1575,1050,1.65375,64.01718139648438,19.046449661254883,5.733408446193265,0.139263817715959,6.226090579187653,3.2885921001434326,5.286715984344482,8.616409301757812,0.068206787109375,-0.068206787109375,117,0.0472277863507943,139.46748149794075,0.2531590367732295,0.0777632572291361,131934158_1992923052.jpg,dominante,131934158,1992923052,0.5565226447969132,0.32653483748435974
1575,1050,1.65375,73.44788360595703,16.41014862060547,2.427680042093704,0.0245927891654465,3.5677675107270903,2.226970911026001,2.7873940467834473,9.141284942626951,0.04620361328125,0.04620361328125,29,0.8055116309326943,175.74750630298558,0.1108386397234811,0.1247311950951683,131934158_1992923064.jpg,,131934158,1992923064,0.0,0.425189733505249
1575,1050,1.65375,72.79317474365234,15.542728424072266,1.3760523426061493,0.0102946559297218,5.179502194892847,3.214395046234131,4.061392307281494,11.809149742126465,0.1431732177734375,0.1431732177734375,51,-0.8406454340707192,185.6931255594953,0.1853252773131943,0.0502364911237188,131934158_1992923076.jpg,dominante,131934158,1992923076,0.2948755487232117,0.278840035200119
1575,1050,1.65375,79.70503997802734,12.095227241516112,1.416945003660322,0.0048613653001464,5.05363368136906,2.4563252925872803,4.416523456573486,9.323328971862791,0.1361083984375,0.1361083984375,60,0.8782517164301363,234.06381969066092,0.2035012783800644,0.071556437591508,131934158_1992923086.jpg,dominante,131934158,1992923086,0.2634084203422651,0.29276254773139954
1007,1050,1.05735,59.29362869262695,23.89976501464844,2.0217038272471908,2.0365168539325844,6.14496354122707,0.8955830335617065,6.07935094833374,14.386219024658203,0.2182769775390625,0.2182769775390625,62,0.7401403498168688,728.4864551835907,0.7843059895162446,0.0486141590589887,132002660_1994599690.jpg,dominante,132002660,1994599690,0.5362408853067675,0.13171349465847015
1400,1050,1.47,52.127288818359375,25.40656280517578,1.0904947916666663,1.6171773274739585,1.2967904538041115,0.4736759662628174,-1.2071853876113892,7.593820095062256,1.3148727416992188,-1.3148727416992188,23,38.89693267984154,735.4847097983584,1.1367805430757747,0.0396881103515625,132002660_1994599692.jpg,storta,132002660,1994599692,0.3765818277994792,0.17656707763671875
1400,1050,1.47,49.89065170288086,24.062488555908203,0.40283203125,5.9902191162109375,5.195873599694809,0.1415049731731414,5.193946361541748,8.610492706298828,2.58795166015625,2.58795166015625,43,-14.190548880792168,99.35751459416254,0.3639976764967066,0.0072644551595052,132002660_1994599694.jpg,"buia,dominante,storta,sfocata",132002660,1994599694,2.079245759837074,0.3388737738132477
1400,1050,1.47,41.36973190307617,21.09905242919922,0.5265553792317708,7.668813069661458,7.323233845341816,-0.4204139709472656,7.311156272888184,10.257634162902832,8.233596801757812,8.233596801757812,36,-24.73440023053864,87.78999561030002,0.450007437023625,0.0071945190429687,132002660_1994599696.jpg,"buia,dominante,storta,sfocata",132002660,1994599696,7.419733212028044,0.3505701720714569
1400,1050,1.47,40.73158645629883,26.782873153686523,0.41656494140625,14.696375528971354,8.23884994830925,0.0232243221253156,8.23881721496582,8.874098777770996,0.630645751953125,0.630645751953125,36,15.729668530406665,85.40250851418143,0.3209927962332546,0.0054512023925781,132002660_1994599698.jpg,"buia,dominante,sfocata",132002660,1994599698,2.763178699544406,0.4094369411468506
1400,1050,1.47,44.852996826171875,22.513099670410156,0.766754150390625,1.324335734049479,8.859556314109241,0.6826822757720947,8.83321475982666,11.331523895263672,1.1637039184570312,1.1637039184570312,58,-15.584328106081234,151.42603645287292,0.4384843140864274,0.0115877787272135,132002660_1994599700.jpg,"buia,dominante,storta",132002660,1994599700,2.2053920082148104,0.2672935426235199
1400,1050,1.47,48.50921630859375,23.95285987854004,0.8571624755859375,1.8990834554036455,6.432367240059565,-0.8937063217163086,6.369979381561279,9.755366325378418,0.5446014404296875,0.5446014404296875,84,-25.417854480165232,151.12282753207387,0.413655434889865,0.0128746032714843,132002660_1994599702.jpg,"buia,dominante",132002660,1994599702,0.9571701791555164,0.3791378140449524
1400,1050,1.47,50.35589218139648,19.647066116333008,0.994237263997396,3.808466593424479,8.632418049491408,1.6840850114822388,8.466551780700684,10.221757888793944,1.1273040771484375,-1.1273040771484375,28,-9.334580120358083,50.20335739618005,0.2531590367732396,0.0100250244140625,132002660_1994599704.jpg,"buia,dominante,storta,sfocata",132002660,1994599704,2.7373287223958274,0.4205385148525238
1400,1050,1.47,48.88633728027344,24.671049118041992,0.904083251953125,1.2502034505208337,6.301150392043915,-0.0190114993602037,6.301121711730957,9.537964820861816,2.307334899902344,2.307334899902344,51,-28.99841855241061,106.74699277585832,0.3888265556932716,0.0204442342122395,132002660_1994599708.jpg,"buia,dominante,storta,sfocata",132002660,1994599708,2.1457605903208923,0.28639650344848633
1400,1050,1.47,52.43156051635742,24.008140563964844,0.8392333984375,0.2206166585286458,4.865447691794958,0.1002775430679321,4.864414215087891,6.7318572998046875,1.0745315551757812,-1.0745315551757812,105,-4.762541012865915,96.77026100912028,0.4633131932830089,0.011542002360026,132002660_1994599710.jpg,"dominante,storta,sfocata",132002660,1994599710,0.8198786095805888,0.22596421837806702
1151,797,0.917347,28.800708770751953,27.192964553833008,0.3807078631875881,8.6354846174189,2.212737519090821,0.0519362725317478,2.212127923965454,9.316472053527832,0.0006103515625,-0.0006103515625,41,-0.094335655683439,854.9725743598714,0.3458216754298271,0.0153026930535966,132043656_1995527240.jpg,"buia,bassa_risoluzione",132043656,1995527240,2.3199291229248047,0.05916788801550865
1151,929,1.069279,47.76449966430664,24.284526824951172,0.0022463302058111,2.685546875,2.402525630749503,1.7018569707870483,1.69582200050354,7.496459484100342,4.62432861328125,-4.62432861328125,51,10.713164100469823,229.12776994787112,0.3706505546263998,0.0086353662227602,132043656_1995529338.jpg,"buia,storta",132043656,1995529338,3.006435775756836,0.24355868995189667
1151,857,0.986407,55.69856262207031,22.615570068359375,0.2203032726377952,1.2014794537401574,1.401310342230747,0.2597780227661133,1.3770207166671753,7.872249603271484,0.033935546875,-0.033935546875,89,6.843696645365331,290.84896193224654,0.4384843140864158,0.0405965489665354,132043656_1995529348.jpg,bassa_risoluzione,132043656,1995529348,0.0,0.18964709341526031
1151,907,1.043957,51.74589538574219,21.78754234313965,0.0140373296158612,0.2667092627013631,3.518256026457333,2.344597816467285,2.6231634616851807,9.522441864013672,0.0209503173828125,0.0209503173828125,31,2.661375168085517,253.58601746690695,0.3888265556932666,0.0174643742255266,132043656_1995529352.jpg,buia,132043656,1995529352,0.0254104614257812,0.20372731983661652
1151,902,1.038202,46.767913818359375,21.880964279174805,0.0001217658977556,0.9049641521197008,1.8955118945728384,0.7218141555786133,1.7526978254318235,6.965531826019287,1.798187255859375,1.798187255859375,62,0.6125439402124185,223.183802045728,0.3209927962332672,0.0027835684226932,132043656_1995529364.jpg,"buia,storta",132043656,1995529364,1.2220001220703125,0.2818368077278137
1151,1000,1.151,42.338279724121094,22.067211151123047,0.0035112359550561,0.5859375,1.9087789193575295,-0.8003709316253662,-1.732871413230896,7.081754684448242,0.0103759765625,-0.0103759765625,41,0.0167062201168057,146.13928543566155,0.3209927962332556,0.0119788009129213,132043656_1995529374.jpg,buia,132043656,1995529374,0.9661720275878908,0.22671137750148773
1151,823,0.947273,49.16473388671875,16.64689826965332,0.0286831881830601,0.0009338712431693,5.247365224877668,3.7140722274780273,-3.7068192958831783,10.236650466918944,0.0051956176757812,0.0051956176757812,12,-0.3212254393120849,755.9432414781338,1.3105826974517871,0.0015915834187158,132043656_1995529382.jpg,"buia,dominante,bassa_risoluzione",132043656,1995529382,0.5953679175475419,0.050164103507995605
1151,835,0.961085,52.67340087890625,14.702743530273438,0.03338450538358,0.0007886103633916,4.282300092639665,4.198731422424316,-0.8418720364570618,9.319609642028809,0.0,0.0,1,0.0,635.9697674465773,1.222790303602674,0.0023789745962314,132043656_1995529390.jpg,"dominante,bassa_risoluzione",132043656,1995529390,0.0705750231599162,0.054788511246442795
1151,867,0.997917,53.053035736083984,16.237163543701172,0.0615576361867704,0.0005066472114137,5.144779591001766,4.030481338500977,-3.197495460510254,10.91300106048584,0.01971435546875,0.01971435546875,12,-2.320171240413391,464.6698267451683,0.9696312668294488,0.0024825713359273,132043656_1995529398.jpg,"dominante,bassa_risoluzione",132043656,1995529398,0.2861948977504416,0.18432292342185974
1049,1050,1.10145,35.03448486328125,17.712711334228516,0.0023818597560975,0.7795350609756098,4.660877162140253,1.3311249017715454,4.466753005981445,5.524032115936279,0.0428543090820312,-0.0428543090820312,5,-0.0557540308579323,408.9366019032185,0.9084503854991244,0.0003620426829268,132043656_1995529418.jpg,"buia,dominante",132043656,1995529418,1.8617708042069383,0.23155736923217773
995,1050,1.04475,61.63631820678711,23.00069999694824,0.0123764165124884,0.8017569091119334,2.1248792765882203,-0.9779506921768188,1.886458158493042,25.45644187927246,0.66741943359375,-0.66741943359375,28,8.275199746207983,837.8804614816505,0.7413011092528007,0.003773451954209,132050410_1995700818.jpg,,132050410,1995700818,0.0,0.23852381110191345
1610,1050,1.6905,60.94624710083008,22.662599563598633,0.0005847679640718,1.6062114053143717,2.537883395461382,-1.994104504585266,1.5698405504226685,17.43144989013672,8.119110107421875,-8.119110107421875,82,8.897329079395192,1468.795680153455,1.1961787910839334,0.003483755145958,132050410_1995700860.jpg,storta,132050410,1995700860,4.912740071614583,0.18955650925636292
1527,1050,1.60335,60.82650375366211,17.173416137695312,0.3044821999289772,0.00152587890625,5.844311310243103,-0.9963526725769044,5.758754730224609,18.64483070373535,2.432777404785156,-2.432777404785156,63,42.85488078265306,892.847289251916,0.9381495095031716,0.0039811567826704,132050410_1995700886.jpg,"dominante,storta",132050410,1995700886,1.58292943075088,0.15102113783359528
1634,1050,1.7157,54.581878662109375,22.332820892333984,0.0939459061550151,0.1067094889817629,6.199503919069308,0.3032562136650085,6.192082405090332,18.092811584472656,4.8972625732421875,4.8972625732421875,87,17.2460826528958,2132.086801528664,2.5413308573472726,0.0023939138487841,132050410_1995700918.jpg,"dominante,storta,rumorosa",132050410,1995700918,3.3422716001603003,0.08837680518627167
1400,1050,1.47,63.77730178833008,25.159170150756836,0.0,1.4347076416015625,4.318405220026886,-1.5303155183792114,4.038162708282471,19.27419090270996,2.1601486206054688,-2.1601486206054688,228,9.017605101571686,1046.2487359657923,0.5493229538099252,0.007659912109375,132050410_1995701086.jpg,"dominante,storta",132050410,1995701086,1.0197003854103674,0.09130115061998367
787,1050,0.82635,58.58783721923828,27.931915283203125,0.0139406799048316,4.691431986639824,8.941357228565776,-1.648971676826477,8.787989616394043,17.39522933959961,0.0214767456054687,-0.0214767456054687,133,-13.263072517445009,230.586148261911,0.3325159191704416,0.0045832666087115,132050410_1995701858.jpg,"dominante,bassa_risoluzione",132050410,1995701858,1.235339307141444,0.16500473022460938
787,1050,0.82635,59.02721405029297,23.707693099975582,0.0220906158491947,5.975261369875549,4.198006640636791,-0.5306856632232666,4.164328575134277,29.84039306640625,0.191650390625,-0.191650390625,45,-5.187965590488038,278.9046672133982,0.3706505546264094,0.0030526514458272,132050410_1995701878.jpg,"dominante,bassa_risoluzione",132050410,1995701878,0.0495016601591977,0.22880704700946808
787,1050,0.82635,65.67839813232422,25.090848922729492,0.002645154648609,0.8035550878477306,9.505248919562668,-1.0422731637954712,9.447932243347168,24.096162796020508,0.0269622802734375,0.0269622802734375,71,-0.0588956892367593,100.2630355896206,0.2779879159698056,0.0010101631131039,132050410_1995701896.jpg,"dominante,sfocata,bassa_risoluzione",132050410,1995701896,1.7052616367303233,0.3765018880367279
787,1050,0.82635,68.83183288574219,19.56847381591797,0.0024306826500732,1.3547481240849195,5.058635719656121,0.3569923043251037,5.046023368835449,21.90567970275879,1.4892501831054688,-1.4892501831054688,62,-6.024188070848547,104.27910274372444,0.3458216754298487,0.0029118148334553,132050410_1995701920.jpg,"dominante,storta,sfocata,bassa_risoluzione",132050410,1995701920,1.0195073395889354,0.2879990041255951
1261,1050,1.32405,51.562198638916016,26.70273780822754,0.0018317702227432,1.4038229044548651,3.853715716854491,-3.4567487239837646,1.7035295963287354,13.498017311096191,5.394035339355469,-5.394035339355469,35,42.39228177266804,2304.0074256323433,2.8840649212917984,0.0269579333968347,132050410_1995701952.jpg,"buia,storta,rumorosa",132050410,1995701952,3.3958469765399095,0.11402586102485657
1475,1050,1.54875,57.7236328125,17.285045623779297,5.0068587105624145,0.7110553840877915,8.244132258383468,3.60392165184021,7.414679050445557,10.461528778076172,8.323097229003906,-8.323097229003906,50,-42.85882586598942,188.3115716479483,0.5311469527430347,0.0592246977880658,132058930_1995895102.jpg,"dominante,storta",132058930,1995895102,6.109764550598472,0.07117602974176407
1475,1050,1.54875,56.859893798828125,16.24933624267578,5.015700017146776,0.2416623799725651,9.346198488147811,3.8889410495758057,8.498680114746094,11.07706356048584,0.7647171020507812,-0.7647171020507812,76,-8.357802169487833,182.2953424843484,0.4633131932829799,0.0578261638374485,132058930_1995895106.jpg,"dominante,storta",132058930,1995895106,1.3463610234041403,0.07900788635015488
1477,1050,1.55085,67.83342742919922,15.781898498535156,1.971636761675824,0.2708351219093406,4.242452419729047,1.3354350328445437,4.026787281036377,6.172792434692383,3.451904296875,-3.451904296875,75,-13.663499498252188,59.2794961760012,0.4136554348898573,0.030135270003434,132058930_1995895108.jpg,"dominante,storta,sfocata",132058930,1995895108,2.8738910332489085,0.08900073915719986
1475,1050,1.54875,65.71047973632812,26.03811836242676,9.299982853223597,0.4000021433470507,3.214854869199975,1.0051759481430054,3.0536720752716064,6.273447513580322,1.068084716796875,-1.068084716796875,25,30.387137082863863,523.2988377330963,1.1367805430757676,0.0567879801097393,132058930_1995895238.jpg,"sovraesposta,storta",132058930,1995895238,0.5420547631869428,0.2016441524028778
1477,1050,1.55085,74.46713256835938,15.063973426818848,1.2967623197115383,0.0331333705357142,4.55113671536165,2.0021846294403076,4.08706521987915,7.761893272399902,7.086395263671875,-7.086395263671875,110,-24.354842993742057,96.76172262813652,0.4699660714126895,0.048562521462912,132058930_1995895252.jpg,"dominante,storta,sfocata",132058930,1995895252,4.749352310819387,0.06083786487579346
1475,1050,1.54875,62.9222297668457,16.208724975585938,4.117503643689986,0.2440736454046639,9.428765471628717,2.2298600673675537,9.161295890808104,15.211626052856444,4.636848449707031,4.636848449707031,49,-21.750801021162587,164.61578927186022,0.531146952743027,0.0271575467249657,132058930_1995895268.jpg,"dominante,storta",132058930,1995895268,3.9484236677118663,0.0986931249499321
1475,1050,1.54875,63.24775314331055,14.909673690795898,2.40095057441701,0.1916956018518518,5.871715589419732,0.9982967376708984,5.786229133605957,8.403315544128418,5.6311187744140625,5.6311187744140625,79,-27.231216575039987,128.8037173036553,0.4633131932829991,0.0215593921467764,132058930_1995895282.jpg,"dominante,storta",132058930,1995895282,3.722008080297641,0.07333967089653015
1477,1050,1.55085,67.22484588623047,22.136289596557617,7.729331215659341,0.3988077352335165,10.83014015845786,3.8340446949005127,10.128772735595703,12.44992446899414,0.2882461547851562,0.2882461547851562,97,-1.3280730728606942,96.24762268278415,0.370650554626415,0.0846470424107142,132058930_1995895294.jpg,"sovraesposta,dominante,sfocata",132058930,1995895294,2.27634111646733,0.1001339927315712
1475,1050,1.54875,71.41121673583984,17.771848678588867,5.402038323045268,0.465642146776406,4.366295192025559,1.0200378894805908,4.245474815368652,6.35715389251709,4.61834716796875,-4.61834716796875,85,-21.24614071425262,110.38262260543772,0.4566603151532999,0.074007094478738,132058930_1995895304.jpg,"dominante,storta,sfocata",132058930,1995895304,2.830761533228261,0.07593218982219696
1475,1050,1.54875,74.23895263671875,14.689594268798828,5.097281164266118,0.0630947788065843,9.973416433975697,3.044783353805542,9.49728012084961,12.37083339691162,3.6563873291015625,3.6563873291015625,77,-24.51859486512514,128.8689635739879,0.481489194349876,0.0337094907407407,132058930_1995895312.jpg,"dominante,storta",132058930,1995895312,3.430945661228299,0.07116883993148804
836,997,0.833492,50.00762176513672,20.737369537353516,0.0211948454135954,2.1749910421785423,5.382950259983724,2.9469738006591797,4.504608631134033,10.240196228027344,2.463104248046875,-2.463104248046875,14,14.19497468666473,19.409341216397355,0.3888265556933034,7.758113226863227e-05,132095410_1996692366.jpg,"buia,dominante,storta,sfocata,bassa_risoluzione",132095410,1996692366,3.3635558669068866,0.3177768588066101
681,1050,0.71505,57.75344467163086,21.82729721069336,0.0094625752058264,0.3952016703609879,3.774152969099533,1.1014654636383057,3.6098482608795166,4.166991710662842,1.5148468017578125,1.5148468017578125,10,-7.049058674695476,227.59842622683533,0.6668144716630993,0.0009079124445851,132095410_1996692540.jpg,"storta,bassa_risoluzione",132095410,1996692540,0.5098978678385416,0.09350866079330444
611,1050,0.64155,55.7407112121582,22.414037704467773,0.0009432705965909,1.7021595348011362,5.557992539376876,0.582145094871521,5.527421474456787,6.2576470375061035,0.2429275512695312,-0.2429275512695312,14,-8.508552873625948,89.15268276847806,0.4633131932829999,0.0002796519886363,132095410_1996692560.jpg,"dominante,sfocata,bassa_risoluzione",132095410,1996692560,0.903620088702918,0.20839530229568481
736,1050,0.7728,59.033355712890625,21.812400817871097,0.0016710515058179,0.8548431083162217,6.301150588545777,1.0466018915176392,6.213624000549316,7.054840087890625,0.8304061889648438,0.8304061889648438,14,-6.587239518440544,231.4792426044609,0.7098193519265569,0.0003522576574264,132095410_1996692582.jpg,"dominante,storta,bassa_risoluzione",132095410,1996692582,0.6288917731130068,0.28332141041755676
1575,1050,1.65375,74.27816009521484,18.778976440429688,1.395497803806735,0.2133281478770132,5.049652655341373,-1.284111499786377,-4.883651256561279,9.09552764892578,0.1437530517578125,0.1437530517578125,55,-0.6685271769577985,196.51778399600673,0.4384843140864303,0.1220231286603221,132111952_1996840842.jpg,dominante,132111952,1996840842,0.2624131638353433,0.2704238295555115
1575,1050,1.65375,70.39579010009766,18.241025924682617,0.7366398243045388,0.1724354868228404,6.824757550208735,-0.9095731973648072,-6.763874053955078,9.68525505065918,0.122589111328125,0.122589111328125,60,1.092678224512451,261.23099468497435,0.4633131932830128,0.0235018415995607,132111952_1996840936.jpg,dominante,132111952,1996840936,0.7061893875521839,0.2220441699028015
1575,1050,1.65375,66.2674331665039,23.581871032714844,9.498392889824304,0.1619978495607613,0.3994487457536615,0.1982635855674743,0.3467720448970794,5.66243314743042,0.1062469482421875,0.1062469482421875,121,-0.2673661690414268,155.59287855513526,0.3458216754298306,0.1096652521046852,132111952_1996841012.jpg,sovraesposta,132111952,1996841012,0.3498392889824304,0.2319670468568802
1575,1050,1.65375,73.17778015136719,17.713342666625977,4.451866764275256,0.0267375091508052,1.0170162234811932,0.8183150887489319,0.6038894057273865,4.677638053894043,0.0,0.0,109,-0.1754296342521736,195.1452193089008,0.2961639170366795,0.1109163387628111,132111952_1996841082.jpg,,132111952,1996841082,0.0,0.2383287250995636
1575,1050,1.65375,59.493709564208984,20.68572998046875,0.0018587573206442,0.2719504941434846,1.1921355959605349,0.2289203703403473,1.1699498891830444,12.56796169281006,0.4552764892578125,0.4552764892578125,139,-0.6034369918427138,180.7987354224303,0.5311469527430301,0.0006963190885797,132111952_1996841626.jpg,,132111952,1996841626,0.0,0.35597074031829834
1575,1050,1.65375,67.46792602539062,19.317832946777344,0.0876475567349926,0.1212481698389458,5.432058240911158,-0.7076878547668457,-5.3857622146606445,15.907240867614746,0.0232696533203125,0.0232696533203125,87,1.0027879861525468,149.391904084694,0.4136554348898518,0.0046097181551976,132111952_1996841726.jpg,dominante,132111952,1996841726,0.3580145602277895,0.3015422224998474
1575,1050,1.65375,72.66915893554688,12.681869506835938,0.6078136438506588,0.0,2.032607365022341,-0.9180113673210144,1.8134905099868777,5.310442924499512,0.0141754150390625,0.0141754150390625,81,-0.2554610250502667,87.87948048215948,0.3458216754298369,0.0371065153733528,132111952_1996841854.jpg,sfocata,132111952,1996841854,0.5353419919640087,0.45135051012039185
1575,1050,1.65375,62.509002685546875,23.313756942749023,0.037032165080527,0.3853346907027818,0.5165305696887562,0.5017209053039551,0.1228004992008209,7.686188220977783,0.08050537109375,-0.08050537109375,87,-0.4334092856689285,112.64063353530224,0.4384843140864226,0.0133744738286969,132111952_1996841952.jpg,sfocata,132111952,1996841952,0.1226561077449626,0.383407860994339
1575,1050,1.65375,88.49679565429688,11.3367919921875,18.67421989385066,0.0011438506588579,0.8781674583332846,0.8180796504020691,0.3192550241947174,6.81957483291626,0.1163253784179687,-0.1163253784179687,59,-0.4883311790878077,124.86356714193782,0.1604963981166182,0.3757763886346998,132111952_1996842046.jpg,sovraesposta,132111952,1996842046,1.2674219893850658,0.2681225538253784
1575,1050,1.65375,79.7384033203125,16.89824676513672,2.925684022693997,0.0193024798682284,3.744319242785906,0.3048663139343261,-3.7318873405456543,12.158692359924316,0.028350830078125,-0.028350830078125,58,0.7496649363281475,169.10912841267762,0.4881420724795849,0.192680213671303,132111952_1996842106.jpg,,132111952,1996842106,0.0,0.20811909437179565
1680,1050,1.764,72.3492660522461,20.627485275268555,1.6539001464843752,0.28106689453125,8.69817973389909,4.9952216148376465,7.120820999145508,13.18492317199707,0.2024993896484375,0.2024993896484375,41,-2.468374246856933,372.8089969811938,0.6916433508596584,0.0913299560546875,132150186_1998093132.jpg,dominante,132150186,1998093132,1.1745449334747726,0.10369518399238586
1680,1050,1.764,75.97650146484375,18.45254135131836,2.427978515625,0.06134033203125,9.464385756755515,4.358716011047363,8.40096378326416,18.341346740722656,0.2327880859375,-0.2327880859375,40,-5.6785211984693404,294.2201629543305,0.6832078394077743,0.0808135986328125,132150186_1998093706.jpg,dominante,132150186,1998093706,1.3660964391888792,0.10127393901348114
1680,1050,1.764,76.97998046875,17.268274307250977,1.5948486328125,0.0506591796875,9.181291505767362,4.584394931793213,7.954837322235107,16.768592834472656,0.2308578491210937,0.2308578491210937,29,-1.370080546522843,247.77013005591,0.5989807122030504,0.0536392211914062,132150186_1998093708.jpg,dominante,132150186,1998093708,1.2953228764418403,0.06839337944984436
1680,1050,1.764,72.24385070800781,18.85125732421875,0.0592041015624999,0.493011474609375,6.978985040302252,4.4808268547058105,5.350553512573242,13.300363540649414,0.08135986328125,0.08135986328125,35,-1.2287601865783755,343.89742169802776,0.6238095913996432,0.0260482788085937,132150186_1998093712.jpg,dominante,132150186,1998093712,0.744746260075563,0.054271284490823746
1680,1050,1.764,62.95253372192383,20.306415557861328,0.1995849609375,0.4598999023437499,10.971047853495625,6.709312915802002,8.680380821228027,18.456249237060547,0.653961181640625,0.653961181640625,78,-0.0838322924487716,335.9560685044131,0.8769686281728697,0.0086715698242187,132150186_1998093718.jpg,dominante,132150186,1998093718,1.7427619633739058,0.06569778174161911
1680,1050,1.764,69.85164642333984,19.34588050842285,0.227203369140625,0.596923828125,8.409280588597207,4.5826640129089355,7.050899982452393,10.87038230895996,0.1821365356445312,0.1821365356445312,34,-1.605383311957705,303.3220389878354,0.4814891943498803,0.033660888671875,132150186_1998093720.jpg,dominante,132150186,1998093720,1.1023201471493018,0.1054409071803093
1680,1050,1.764,64.66172790527344,20.25485610961914,0.139923095703125,0.6512451171875,7.815679514793234,4.477309226989746,6.406133651733398,11.304460525512695,1.0288162231445312,1.0288162231445312,28,2.7059192410372574,297.6139324866957,0.926626386566026,0.0156723022460937,132150186_1998093726.jpg,"dominante,storta",132150186,1998093726,1.1397973607946628,0.09036456048488617
1680,1050,1.764,73.69354248046875,20.99909019470215,4.06036376953125,0.3369140625,6.182521239326313,4.736690044403076,3.973328113555908,8.372658729553223,0.2511825561523437,-0.2511825561523437,42,-5.795595087685526,367.4613457765803,0.5808047111361692,0.148968505859375,132150186_1998093728.jpg,dominante,132150186,1998093728,0.5456303098315782,0.13454708456993103
1680,1050,1.764,78.8894271850586,17.29354476928711,2.493743896484375,0.06378173828125,7.343718525956799,4.765801429748535,5.587247848510742,12.199697494506836,0.0038909912109375,0.0038909912109375,65,-1.210161966494938,334.3808469051122,0.6916433508596592,0.123590087890625,132150186_1998093730.jpg,dominante,132150186,1998093730,0.8359296314891997,0.09082745015621185
1680,1050,1.764,64.53575134277344,25.74757957458496,1.456146240234375,0.240020751953125,8.846618814090583,5.165560722351074,7.181897163391113,15.002614974975586,0.6088180541992188,0.6088180541992188,92,-2.510912857789479,412.66809074487537,0.7843059895162436,0.0590469360351562,132150186_1998093734.jpg,dominante,132150186,1998093734,1.2116547035226457,0.09856265038251877
1400,1050,1.47,63.75776672363281,19.240625381469727,0.0590006510416666,0.492095947265625,8.55746713516961,0.8956394195556641,8.510468482971191,13.945533752441406,1.389984130859375,1.389984130859375,84,-7.4216782199565134,205.99765978999335,0.5559758319396013,0.0247751871744791,132156836_1998248296.jpg,"dominante,storta",132156836,1998248296,1.5660228710319857,0.156398206949234
1401,1050,1.47105,68.32122039794922,20.940998077392575,5.729506192959582,0.1249032350065189,11.444930108848842,2.0544142723083496,11.259032249450684,11.227798461914062,3.3597412109375,3.3597412109375,52,-10.149901175427702,190.61773880383228,0.3936968005007965,0.0127360556551499,132156836_1998248660.jpg,"dominante,storta",132156836,1998248660,3.601060001170544,0.3263326585292816
1400,1050,1.47,76.32632446289062,22.615482330322266,26.021321614583332,0.0911712646484375,10.44425098611152,1.788291096687317,10.290014266967772,8.569175720214844,0.638946533203125,0.638946533203125,59,5.669544997605858,205.02712937797412,0.2961639170366762,0.166235605875651,132156836_1998248692.jpg,"sovraesposta,dominante",132156836,1998248692,3.613194907986214,0.2614469826221466
1400,1050,1.47,51.61250686645508,25.588031768798828,0.0284830729166666,4.170099894205729,4.879570270521047,0.6590524315834045,4.834858417510986,23.862680435180664,0.4152069091796875,0.4152069091796875,12,-11.22591953953876,1151.449213417116,0.5808047111361785,0.0038922627766927,132156836_1998248746.jpg,"buia,dominante",132156836,1998248746,0.2586418809847538,0.1755247265100479
1400,1050,1.47,44.77164077758789,23.598730087280273,0.016021728515625,2.1620432535807295,2.87290859533753,-0.5247898697853088,-2.824570655822754,18.51331901550293,0.09112548828125,0.09112548828125,149,1.168568259894317,752.6273129635164,0.666814471663082,0.0021743774414062,132156836_1998248792.jpg,buia,132156836,1998248792,0.722835922241211,0.14264486730098724
1400,1050,1.47,61.49003219604492,20.468935012817383,1.7467498779296875,0.067138671875,5.180819425513554,0.8971553444862366,5.102548599243164,14.857036590576172,0.973785400390625,-0.973785400390625,91,-1.1664737805578689,193.7044343256841,0.5063180735464666,0.0146497090657552,132156836_1998248804.jpg,"dominante,storta",132156836,1998248804,0.4443951233054718,0.13902224600315094
1400,1050,1.47,64.76533508300781,18.935569763183594,1.107025146484375,0.3140767415364583,8.124825775742204,1.4201325178146362,7.999751091003418,14.919842720031738,2.953826904296875,2.953826904296875,119,7.568389414090489,283.71066911921986,0.5063180735464463,0.0298436482747395,132156836_1998248832.jpg,"dominante,storta",132156836,1998248832,2.5004243801334676,0.17501597106456757
1400,1050,1.47,57.63431930541992,16.83970069885254,0.0021616617838541,0.0138600667317708,7.780843284733351,0.2459796667098999,7.776954174041748,22.49127769470215,0.1630783081054687,-0.1630783081054687,86,2.049653532360248,123.5459765529166,0.4136554348898497,0.000769297281901,132156836_1998248876.jpg,dominante,132156836,1998248876,0.9452108211833375,0.32834190130233765
1400,1050,1.47,61.97871017456055,14.078228950500488,0.003814697265625,0.0029246012369791,9.496109384535536,0.1524592936038971,9.494885444641112,16.85542106628418,1.836761474609375,1.836761474609375,61,3.845556002620788,194.69315845673876,0.4881420724795737,0.0030136108398437,132156836_1998248912.jpg,"dominante,storta",132156836,1998248912,2.0985349958734676,0.344542920589447
1400,1050,1.47,82.04609680175781,13.11232852935791,5.330912272135416,0.0279744466145833,5.520390992104739,0.301897257566452,5.512129783630371,6.445220947265625,2.3719024658203125,2.3719024658203125,75,-3.545214165363463,352.83867582306266,0.2531590367732269,0.111151377360026,132156836_1998249520.jpg,"dominante,storta",132156836,1998249520,1.4613660585730597,0.18246594071388245
1573,1050,1.65165,69.38121795654297,18.546646118164062,0.0007138614766081,0.3273768731725146,2.406810938696272,2.4024415016174316,0.1449611186981201,6.984155178070068,0.01007080078125,0.01007080078125,91,-1.3374221351009663,234.4884510565516,0.2531590367732142,0.0317297149122807,132194756_1999117090.jpg,,132194756,1999117090,0.0,0.08826369792222977
1573,1050,1.65165,58.807342529296875,25.116355895996097,0.0024271290204678,0.7431297971491228,3.819626508350167,1.5798277854919434,3.4775984287261963,8.785152435302734,0.5067977905273438,0.5067977905273438,106,1.441842776804313,522.2166650703671,0.506318073546448,0.021821317616959,132194756_1999117180.jpg,,132194756,1999117180,0.0,0.058937929570674896
1573,1050,1.65165,62.76456832885742,25.406877517700195,0.001142178362573,0.2622727065058479,4.324446026077061,1.5078344345092771,4.053056716918945,7.562717914581299,0.166351318359375,-0.166351318359375,117,-1.2707509428874175,486.298833617474,0.3706505546264141,0.0366296600877193,132194756_1999117198.jpg,dominante,132194756,1999117198,0.0811115065192653,0.11515147238969803
1573,1050,1.65165,66.04638671875,23.49221992492676,0.0001427722953216,0.1514814053362573,3.7600765131536176,1.7397722005844116,3.333371877670288,7.6580915451049805,0.19879150390625,-0.19879150390625,81,0.1985459724209147,379.038896453529,0.3706505546264043,0.0258118032711988,132194756_1999117220.jpg,,132194756,1999117220,0.0,0.10176370292901993
1573,1050,1.65165,60.63715744018555,25.69857406616211,0.0007138614766081,0.5825109649122807,3.032941241013823,0.6543979048728943,2.9615023136138916,6.502921104431152,0.03924560546875,-0.03924560546875,107,-0.113357296703507,489.1527118941085,0.4384843140864329,0.0339341191520467,132194756_1999117234.jpg,,132194756,1999117234,0.0,0.08740659803152084
1573,1050,1.65165,63.527587890625,24.26875114440918,0.0024271290204678,0.3829152960526316,3.0652996573931506,1.506690502166748,2.6694467067718506,5.973291397094727,1.113525390625,-1.113525390625,45,11.070719294875875,380.30132336086695,0.3458216754298268,0.0615948236476608,132194756_1999117260.jpg,storta,132194756,1999117260,0.2423502604166666,0.0795016810297966
1573,1050,1.65165,56.35051345825195,26.562908172607425,0.0027126736111111,1.4340049342105263,4.384226551180988,1.9798214435577393,3.911745071411133,7.812213897705078,0.4381103515625,-0.4381103515625,100,-0.3043311392403428,354.3095455112603,0.3276456743629418,0.0173068576388888,132194756_1999117288.jpg,dominante,132194756,1999117288,0.0960566377952469,0.09559572488069534
1573,1050,1.65165,62.196475982666016,24.886615753173828,0.0019988121345029,0.7085789016812866,3.4154594696481673,2.066913366317749,2.7190499305725098,8.367765426635742,0.282012939453125,0.282012939453125,139,1.3946286907474776,476.1610971414224,0.4136554348898517,0.0428930806834795,132194756_1999117312.jpg,,132194756,1999117312,0.0,0.057250987738370895
1573,1050,1.65165,73.0076675415039,10.577157020568848,0.0,0.0,2.7666969751921457,2.0884664058685303,-1.8146405220031736,4.534472942352295,0.2317657470703125,0.2317657470703125,25,-0.3999609031400916,28.543296752878287,0.0926626386565921,0.0061292146381578,132194756_1999117368.jpg,sfocata,132194756,1999117368,1.5242783874520285,0.11044914275407791
1290,1050,1.3545,58.69692611694336,22.409799575805664,0.0001172343937575,0.5721038415366146,0.307933944944012,0.3055919110774994,0.0379064418375492,15.732623100280762,2.9446563720703125,2.9446563720703125,42,10.70752855668915,476.9986631941652,0.5989807122030536,0.0012227547268907,132194756_1999117450.jpg,storta,132194756,1999117450,1.463104248046875,0.08009965717792511
1400,1050,1.47,57.85627365112305,21.33266830444336,0.0001271565755208,1.5591939290364585,2.0041779290469286,0.082560695707798,2.002476692199707,20.316181182861328,0.3094024658203125,-0.3094024658203125,91,28.008026432659204,1195.4261145167966,0.8521397489762979,0.000464121500651,132206416_1999391374.jpg,,132206416,1999391374,0.0,0.1525821089744568
1400,1050,1.47,62.55143356323242,22.13939666748047,0.0,0.4652659098307292,4.846998321986856,0.7344679832458496,4.791028022766113,18.49748420715332,1.517486572265625,-1.517486572265625,93,25.462216957538793,1655.1092745023716,0.8273108697797003,0.0001805623372395,132206416_1999391376.jpg,"dominante,storta",132206416,1999391376,0.723407295340464,0.14634528756141663
1680,945,1.5876,56.74038314819336,24.514423370361328,0.0,0.597805447048611,3.0947304496344445,-1.9094723463058472,2.435420274734497,12.280025482177734,0.1117095947265625,0.1117095947265625,352,-0.6206915996001025,2757.7452081581578,1.3832867017193204,0.001068115234375,132206416_1999391380.jpg,,132206416,1999391380,0.0,0.10002884268760681
1680,945,1.5876,53.81637191772461,27.6398868560791,0.0,2.680630154079861,4.310706992839585,-2.227405309677124,-3.6906449794769287,12.18343734741211,1.1267929077148438,1.1267929077148438,11,-15.082697145591288,2960.5993914532323,3.0317332183081156,0.00152587890625,132206416_1999391382.jpg,"dominante,storta,rumorosa",132206416,1999391382,0.6833608322252025,0.11777324974536896
1680,945,1.5876,54.25560760498047,28.440380096435547,0.0,2.436319986979167,2.329449778926315,0.4977917671203613,2.2756404876708984,19.066343307495117,11.115936279296877,11.115936279296877,8,13.30058404643719,5000.086449097693,6.93234922118214,0.0167338053385416,132206416_1999391386.jpg,"storta,rumorosa",132206416,1999391386,9.865523666986013,0.10266183316707611
1400,1050,1.47,58.5678825378418,25.393218994140625,0.0011444091796875,4.150263468424479,6.946598265317324,0.158641904592514,6.944786548614502,11.178271293640137,1.291107177734375,1.291107177734375,18,-9.027392197552755,270.75523084275324,0.6601615935333942,0.002783457438151,132206416_1999391388.jpg,"dominante,storta",132206416,1999391388,1.0973876848189144,0.1217975839972496
1400,1050,1.47,58.714542388916016,25.916296005249023,0.0,4.31060791015625,7.151594725015634,-0.3938183188438415,7.140743255615234,12.20739459991455,0.6392822265625,-0.6392822265625,43,-4.696870411390083,268.26213952642706,0.3888265556932839,0.0068092346191406,132206416_1999391394.jpg,dominante,132206416,1999391394,0.7878986812539086,0.17017115652561188
1400,1050,1.47,58.88322830200195,26.798784255981445,0.0005086263020833,5.875269571940104,7.2678521651246175,1.0744158029556274,7.187997341156006,13.264580726623535,2.259124755859375,2.259124755859375,74,-9.5335629471046,342.14869023484385,0.5063180735464584,0.007971445719401,132206416_1999391396.jpg,"dominante,storta",132206416,1999391396,1.8230462118540711,0.19544635713100433
1400,1050,1.47,64.4569320678711,24.478185653686523,0.0,3.23944091796875,3.5500878307059263,0.9758909940719604,3.413321018218994,16.486433029174805,0.3030319213867187,0.3030319213867187,36,-5.297077741501495,440.94023826341754,0.6056335903327492,0.0003903706868489,132206416_1999391402.jpg,,132206416,1999391402,0.0,0.11682849377393723
1400,1050,1.47,59.1445426940918,26.647945404052734,0.0,8.771387736002605,4.83963821662952,0.3944141268730163,4.823539733886719,10.48940372467041,1.0837554931640625,1.0837554931640625,100,-4.254687483653331,286.9130659227166,0.3209927962332546,0.005401611328125,132206416_1999391404.jpg,"dominante,storta",132206416,1999391404,0.4324132162667551,0.14114883542060852
1399,1050,1.46895,52.72089767456055,22.886810302734375,0.0,1.0591067945383614,4.856429703492196,-0.3724164068698883,-4.842129230499268,11.61164093017578,0.2964630126953125,0.2964630126953125,73,2.1508263518088144,396.4037823137647,0.9448023876328676,0.0015289743172951,132211864_1999520814.jpg,dominante,132211864,1999520814,0.2141074258730491,0.2948756217956543
1399,1050,1.46895,49.24333953857422,20.671232223510746,0.0,1.2090834281534462,3.197192349642725,0.3763023614883423,-3.1749701499938965,10.718259811401367,1.285308837890625,1.285308837890625,96,2.9170746987430007,414.2618296245601,0.9696312668294642,1.01592977893368e-05,132211864_1999520816.jpg,"buia,storta",132211864,1999520816,0.6325386047363282,0.260031133890152
1399,1050,1.46895,46.41455078125,21.99767303466797,0.0,4.930434208387516,0.9688731447900646,0.1928960978984832,-0.9494768381118774,11.439887046813965,0.8843154907226562,0.8843154907226562,38,4.206343525880655,524.4246000644231,1.1119516638792095,2.5398244473342003e-06,132211864_1999520824.jpg,"buia,storta",132211864,1999520824,0.6480885823567709,0.19849228858947754
1399,1050,1.46895,49.10390090942383,21.74783706665039,0.0003809736671001,2.7665037792587777,1.5341554437436136,0.7939090728759766,-1.3127609491348269,11.97633171081543,0.021240234375,-0.021240234375,29,-0.3103384907817062,764.159125738421,1.4329444601124546,0.0048180469765929,132211864_1999520828.jpg,buia,132211864,1999520828,0.2896099090576172,0.20353086292743683
1399,1050,1.46895,60.1912727355957,17.739215850830078,0.038097366710013,0.4833285923276983,2.829757884888796,2.5307562351226807,1.2660183906555176,10.277473449707031,0.0242385864257812,0.0242385864257812,83,-0.0336206822389764,183.9090810867218,0.2779879159697915,0.0021994879713914,132211864_1999520834.jpg,,132211864,1999520834,0.0,0.08284838497638702
1399,1050,1.46895,55.52372360229492,15.873723030090332,0.0,0.6263207087126138,5.175376811717724,4.438011169433594,2.6624391078948975,9.843884468078612,1.198699951171875,1.198699951171875,31,-3.430942864084873,110.73204693289988,0.3028167951663713,0.0,132211864_1999520836.jpg,"dominante,storta,sfocata",132211864,1999520836,0.7474433881623495,0.07682805508375168
1399,1050,1.46895,59.62712478637695,16.597169876098633,0.7456924577373212,0.2006461313394018,5.401858498770779,4.156387805938721,3.4502921104431152,10.796128273010254,0.08984375,-0.08984375,37,3.0584804702198225,92.1735715702128,0.3458216754298231,0.0153621281697009,132211864_1999520838.jpg,"dominante,sfocata",132211864,1999520838,0.8142384318558148,0.45166951417922974
1399,1050,1.46895,50.881126403808594,18.460512161254883,0.003047789336801,1.3687113946684004,6.896642105567606,5.334278106689453,4.371401309967041,10.099847793579102,0.005523681640625,0.005523681640625,39,7.13646679464877,111.19915398149476,0.3888265556932821,0.0027455502275682,132211864_1999520840.jpg,"buia,dominante,sfocata",132211864,1999520840,0.9827286529861295,0.5316644906997681
1399,1050,1.46895,55.41572952270508,17.508434295654297,0.0,1.7447324040962289,5.860247717292005,5.258808612823486,2.586007595062256,9.45140266418457,0.84674072265625,-0.84674072265625,31,-3.178151704996415,93.59834962142904,0.2531590367732191,0.0009892616222366,132211864_1999520844.jpg,"dominante,storta,sfocata",132211864,1999520844,0.9695832507366836,0.06109952926635742
1400,1050,1.47,54.382110595703125,17.79165267944336,0.1766204833984375,0.53253173828125,5.307989526867841,2.825061321258545,-4.493749141693115,10.241061210632324,0.239013671875,0.239013671875,68,-1.1967506812257107,145.79042134789535,0.3954794338229734,0.0072555541992187,132211864_1999520854.jpg,dominante,132211864,1999520854,0.3269973817169602,0.12873055040836334
787,1050,0.82635,54.40859603881836,20.94983673095703,0.6170359397877013,2.0658657805636893,5.508453115341555,0.6843220591545105,5.465780735015869,12.663403511047363,0.811767578125,0.811767578125,54,-2.349861715236362,97.82236957604584,0.2349830357063473,0.0063405071833821,132248388_2000355788.jpg,"dominante,storta,sfocata,bassa_risoluzione",132248388,2000355788,0.7879188379846249,0.4047423303127289
787,1050,0.82635,56.682743072509766,21.25403213500977,0.6256148197291361,1.831161923499268,7.580481685648567,0.4462528824806213,7.56733512878418,13.800538063049316,1.67730712890625,-1.67730712890625,51,-9.0524399885003,121.03348039588468,0.2531590367732561,0.0008357258876281,132248388_2000355790.jpg,"dominante,storta,bassa_risoluzione",132248388,2000355790,1.5133251740163085,0.3810313940048218
787,1050,0.82635,60.90599822998047,21.765586853027344,0.0003574533308931,0.7206259150805271,7.3351965406594415,1.117430567741394,7.249583244323731,12.069748878479004,0.2537841796875,0.2537841796875,48,-2.246375398301641,84.4882712864172,0.1604963981166301,0.0008464494875549,132248388_2000355798.jpg,"dominante,sfocata,bassa_risoluzione",132248388,2000355798,1.4256612803912403,0.39749830961227417
787,1050,0.82635,47.18852233886719,21.388408660888672,1.4767112005856515,3.3611336703879937,7.368781422623001,-1.073978066444397,7.290096759796143,8.511051177978516,0.388641357421875,0.388641357421875,95,-7.937800535980425,123.99224750976762,0.1853252773132001,0.0178333466782576,132248388_2000355806.jpg,"buia,dominante,bassa_risoluzione",132248388,2000355806,1.3233431217690317,0.2554827630519867
1400,1050,1.47,63.23403549194336,18.06328773498535,0.0,0.6613413492838542,7.602950449310973,0.8992671966552734,7.549581050872803,8.360098838806152,2.46148681640625,-2.46148681640625,82,-1.4789673439560462,195.53902990266056,0.41365543488985,0.0005226135253906,132248388_2000355810.jpg,"dominante,storta",132248388,2000355810,2.0417288232652435,0.4007311165332794
787,1050,0.82635,58.34403610229492,19.532556533813477,0.0064341599560761,1.0933782485358712,9.41269309412253,1.5071659088134766,9.291245460510254,12.419023513793944,0.8866043090820312,-0.8866043090820312,12,-0.4941123206958343,80.6172796922811,0.2531590367732234,1.2153413250366033e-05,132248388_2000355814.jpg,"dominante,storta,sfocata,bassa_risoluzione",132248388,2000355814,2.100621484713968,0.5637046694755554
787,1050,0.82635,51.3552131652832,20.607601165771484,0.0202318585285505,0.2803863927525623,3.7169470199388,-0.7890874147415161,3.6322219371795654,8.953648567199707,0.6063690185546875,0.6063690185546875,15,-6.998516234374811,32.840846049121424,0.1423203970497466,0.0009744177800146,132248388_2000355818.jpg,"buia,sfocata,bassa_risoluzione",132248388,2000355818,1.517131249319656,0.3282722234725952
787,1050,0.82635,49.18922805786133,18.092416763305664,0.0594087435944363,0.5566263268667643,9.814787873953026,2.4225804805755615,9.511107444763184,13.843050956726074,2.984344482421875,-2.984344482421875,28,2.762937857369846,99.97274346242854,0.234983035706343,0.0006512799688872,132248388_2000355822.jpg,"buia,dominante,storta,sfocata,bassa_risoluzione",132248388,2000355822,3.558124759942898,0.42841923236846924
787,1050,0.82635,45.89179611206055,20.633695602416992,0.7392849789531478,2.5397059159956075,1.6121341396041278,-0.7414859533309937,1.4314939975738523,6.479081630706787,0.19976806640625,-0.19976806640625,51,-0.0231234616703181,34.219586108770834,0.1604963981166315,0.0082450185303806,132248388_2000355824.jpg,"buia,sfocata,bassa_risoluzione",132248388,2000355824,2.0404939536477644,0.4085375666618347
787,1050,0.82635,51.110713958740234,21.022987365722656,1.2492993914714494,0.4131445598462664,10.969212996806736,2.1225903034210205,10.76188850402832,14.908366203308104,2.994384765625,-2.994384765625,41,3.345034886088489,90.20666832814454,0.2283301575766537,0.0126960274066617,132248388_2000355830.jpg,"buia,dominante,storta,sfocata,bassa_risoluzione",132248388,2000355830,3.8240438916085857,0.28286847472190857
1410,1050,1.4805,69.6318130493164,22.37529754638672,0.2061916366317168,0.4100794560943643,5.6119249195005345,0.2750166058540344,5.60518217086792,7.117412567138672,1.420745849609375,1.420745849609375,36,-9.50037056502895,172.64929740013972,0.5311469527430156,0.0348452346821756,132260672_2000615720.jpg,"dominante,storta",132260672,2000615720,0.8501451296147169,0.06616466492414474
787,1050,0.82635,66.55974578857422,22.26371383666992,0.6014509745607614,0.656427296852123,7.827242179597183,1.5611953735351562,7.669966697692871,11.688799858093262,7.32183837890625,-7.32183837890625,17,-17.222841228006768,101.18287812842696,0.3028167951663746,0.0768782027818448,132260672_2000615728.jpg,"dominante,storta,sfocata,bassa_risoluzione",132260672,2000615728,5.651654828696347,0.0753263458609581
1416,1050,1.4868,67.0832290649414,23.899770736694336,0.2090795866271409,1.2925621706192358,7.85283922664988,0.1680525094270706,7.851040840148926,9.714303016662598,5.302009582519531,-5.302009582519531,26,-20.390237362157833,203.070895342124,0.6122864684624222,0.0567911623023715,132260672_2000615734.jpg,"dominante,storta",132260672,2000615734,3.997882861675491,0.07940423488616943
788,1050,0.8274,67.60892486572266,24.219560623168945,0.235047997617302,0.0542693823313782,5.085318207642031,0.8749721050262451,5.009479522705078,6.096201419830322,0.2327728271484375,0.2327728271484375,31,-8.065601664658004,86.1181740293689,0.3028167951663755,0.0205357347415689,132260672_2000615738.jpg,"dominante,sfocata,bassa_risoluzione",132260672,2000615738,0.836026651421026,0.07407277822494507
1418,1050,1.4889,73.01410675048828,23.595483779907227,1.4109910949868074,0.7657899076517151,4.7871780948541875,0.1233841106295585,4.785587787628174,6.1221747398376465,3.830978393554687,3.830978393554687,35,-11.653674952577758,163.794876769319,0.5063180735464429,0.0666149612467018,132260672_2000615742.jpg,"dominante,storta",132260672,2000615742,2.250780119416672,0.0638698861002922
1384,1050,1.4532,65.76644134521484,21.32841110229492,2.300263433075933,1.0469453828828827,6.904848416079029,0.9861776828765868,6.8340606689453125,8.805333137512207,1.46063232421875,-1.46063232421875,32,-4.288537433287722,265.9715448046664,0.5493229538099349,0.0429373290701415,132260672_2000615746.jpg,"dominante,storta",132260672,2000615746,1.199966986832257,0.06053007021546364
1420,1050,1.491,70.27255249023438,22.445777893066406,0.1505480102377807,0.4151358157199471,5.4996355259905085,0.714776873588562,5.452988624572754,6.950570583343506,2.5738983154296875,2.5738983154296875,32,-10.012882052624509,173.23254964271146,0.5129709516761514,0.0352026915455746,132260672_2000615754.jpg,"dominante,storta",132260672,2000615754,1.5908410917840854,0.06683403998613358
1371,1050,1.43955,65.00852966308594,17.741121292114258,1.840770487882653,0.7523517219387755,14.311877612846787,0.8917465209960938,14.284069061279297,14.213061332702637,0.5386810302734375,0.5386810302734375,41,1.9943602180825524,181.1685089955525,0.4384843140864232,0.0974781269929846,132260672_2000615758.jpg,dominante,132260672,2000615758,2.577969403211697,0.08951083570718765
787,1050,0.82635,64.18614959716797,19.44984245300293,0.0169432878843338,0.6025948252196194,10.558068863602672,0.3629820942878723,10.551827430725098,14.018875122070312,0.2351837158203125,0.2351837158203125,36,0.5437442363312368,91.72940279448255,0.277987915969794,0.0013433096174963,132260672_2000615766.jpg,"dominante,sfocata,bassa_risoluzione",132260672,2000615766,2.1106938359926253,0.11540790647268295
1404,1050,1.4742,64.0821304321289,18.38725852966309,0.73497164654047,0.5870848971932116,7.069067640260215,-0.3665781617164612,7.059556484222412,10.678008079528809,1.8997039794921875,1.8997039794921875,30,-14.824613764366024,160.89648600074332,0.4633131932830065,0.0020143195169712,132260672_2000615768.jpg,"dominante,storta",132260672,2000615768,1.5337362297265122,0.07243016362190247
1280,720,0.9216,47.330780029296875,25.30659866333008,0.0120374891493055,5.359225802951388,0.9507414452251748,0.0917041078209877,0.946308434009552,10.289938926696776,3.3891143798828125,3.3891143798828125,116,12.000171280478275,1313.081769726883,1.7406315000863295,0.0007781982421875,132283244_2000960620.jpg,"buia,storta,bassa_risoluzione",132283244,2000960620,2.226331583658854,0.06261368095874786
1280,720,0.9216,58.00257873535156,23.1081600189209,0.0103420681423611,1.9326104058159723,0.7199107952504687,0.6524841785430908,-0.3041972219944,8.358378410339355,0.02191162109375,-0.02191162109375,117,2.1645038707671453,1269.1698974641356,1.408593236074967,0.0032501220703125,132283244_2001103122.jpg,bassa_risoluzione,132283244,2001103122,0.0,0.09730435907840729
1280,720,0.9216,65.91646575927734,22.349546432495117,0.0149197048611111,0.3024631076388889,0.8018582647497994,0.3343755304813385,0.728813886642456,10.417576789855955,0.8427886962890625,0.8427886962890625,123,-0.6671083764979429,780.2666809448029,1.134997909753586,0.0029822455512152,132283244_2001103150.jpg,"storta,bassa_risoluzione",132283244,2001103150,0.061859130859375,0.06972499936819077
1280,720,0.9216,79.79562377929688,12.655965805053713,0.2261691623263889,0.1585218641493055,5.256309594010251,0.2993112504482269,5.247780799865723,6.3811492919921875,0.1294708251953125,0.1294708251953125,54,0.0840903143235268,291.12817213090744,0.0926626386565947,0.0109676784939236,132283244_2001103176.jpg,"dominante,bassa_risoluzione",132283244,2001103176,0.3140773985025626,0.0749298632144928
1280,720,0.9216,79.44804382324219,8.480204582214355,0.1673380533854166,0.0,1.0654622767101385,0.1918618232011795,1.04804527759552,2.528143882751465,0.08050537109375,-0.08050537109375,19,-0.951980564437731,155.9550442016787,0.0811395157194241,0.0165354410807291,132283244_2001103222.jpg,bassa_risoluzione,132283244,2001103222,0.0,0.0859932079911232
1280,720,0.9216,76.58303833007812,16.401744842529297,0.3836737738715278,0.3173828125,1.937452555151122,0.371033251285553,1.9015932083129885,4.668131351470947,0.575439453125,-0.575439453125,72,-8.91995222569201,352.42100039866966,0.0926626386565998,0.0085093180338541,132283244_2001103242.jpg,bassa_risoluzione,132283244,2001103242,0.0,0.07236260920763016
1280,720,0.9216,80.72848510742188,8.45461368560791,0.30364990234375,0.0,1.4839547177124297,0.4858859777450561,1.4021542072296145,2.9340689182281494,1.36663818359375,-1.36663818359375,19,2.315693749146431,168.3607025107133,0.0248288791965762,0.0374586317274305,132283244_2001103272.jpg,"storta,bassa_risoluzione",132283244,2001103272,0.4110921223958333,0.070982925593853
1280,720,0.9216,73.98670959472656,13.217157363891602,0.3685845269097222,0.0105116102430555,2.515563455455789,0.3120676875114441,2.496131658554077,3.207449197769165,1.2115020751953125,-1.2115020751953125,40,-7.395215229853258,167.62803305733524,0.1853252773131996,0.0495690239800347,132283244_2001103294.jpg,"storta,bassa_risoluzione",132283244,2001103294,0.3076680501302083,0.10316375643014908
1280,720,0.9216,71.14012145996094,15.86614990234375,0.0632392035590277,0.2690633138020833,3.054907219565727,0.8169650435447693,2.943641662597656,5.602051258087158,0.13531494140625,-0.13531494140625,32,63.177649879867616,260.09630869328976,0.0678337594600102,0.0003712972005208,132283244_2001103322.jpg,bassa_risoluzione,132283244,2001103322,0.0,0.1047181710600853
1575,1050,1.65375,57.64942169189453,22.511398315429688,0.1963133693265007,1.182884562591508,3.1577016366285253,0.5073981285095215,3.116669178009033,18.40825653076172,0.0305709838867187,-0.0305709838867187,89,-0.1874585547826865,228.2297781486744,0.3209927962332554,0.0126424094070278,132288562_2001045766.jpg,,132288562,2001045766,0.0,0.06664007157087326
1575,1050,1.65375,64.04983520507812,23.033769607543945,0.901497300512445,0.7605177068081991,4.469200949144698,2.8197927474975586,3.4673514366149902,17.60835075378418,0.1875762939453125,0.1875762939453125,83,-2.439543116339606,206.113258245214,0.3028167951663787,0.0287421074304538,132288562_2001045772.jpg,dominante,132288562,2001045772,0.1173002372861744,0.07886184006929398
1575,1050,1.65375,63.45037841796875,20.55968856811523,0.0057192532942898,0.1512742496339678,4.014351160508086,1.2349811792373655,3.819664478302002,18.093629837036133,0.3984375,-0.3984375,55,0.5124880895106114,259.39917097876116,0.3458216754298386,0.008317224103221,132288562_2001045792.jpg,dominante,132288562,2001045792,0.0035877901270215,0.12262880057096481
1574,1050,1.6527,59.9283332824707,19.955190658569336,0.0663433382137628,1.0483391288433384,4.506049824562669,-0.9258726239204408,4.409903049468994,18.90966796875,0.1666107177734375,0.1666107177734375,64,0.5329031940789808,243.51559738332836,0.3276456743629455,0.0086060463945827,132288562_2001045802.jpg,dominante,132288562,2001045802,0.1265124561406672,0.07463447749614716
1575,1050,1.65375,63.148895263671875,19.76844596862793,0.0519022236456808,0.4754129300878478,3.0757707042570215,-1.77057945728302,2.5150375366210938,17.133495330810547,0.33935546875,-0.33935546875,69,1.1555031033248473,305.0377947786044,0.3209927962332551,0.0028610564604685,132288562_2001045810.jpg,,132288562,2001045810,0.0,0.07709016650915146
1575,1050,1.65375,57.28450012207031,20.757057189941406,0.0002859626647144,0.1582803349194729,3.6869924434515458,1.6565040349960327,3.293919801712036,19.85551071166992,0.3283767700195312,-0.3283767700195312,61,-0.3083305500840873,302.23272771256705,0.4070025567601559,0.0026994875549048,132288562_2001045820.jpg,,132288562,2001045820,0.0,0.08009253442287445
1575,1050,1.65375,52.86842346191406,23.438745498657227,0.1218200951683748,1.2439375915080528,4.994094635990995,-2.3987224102020264,4.380309581756592,25.519411087036133,0.05487060546875,0.05487060546875,65,-2.5770698067248565,264.91124211397755,0.3209927962332372,0.0055476756954612,132288562_2001045832.jpg,dominante,132288562,2001045832,0.2485236589977486,0.09035278856754303
1575,1050,1.65375,57.6346321105957,20.987842559814453,0.2017466599560761,0.4350921943631039,3.225385805911724,-1.0648257732391355,3.044545888900757,21.491235733032227,0.23846435546875,0.23846435546875,65,-16.010145263699545,166.289092380339,0.438484314086431,0.0151674597364568,132288562_2001045846.jpg,,132288562,2001045846,0.0,0.08469583839178085
1575,1050,1.65375,57.718143463134766,22.93606185913086,0.0,0.6625754941434846,3.792740768488968,2.468613386154175,2.879380226135254,25.21468734741211,0.052001953125,-0.052001953125,43,0.2823996917901816,208.06746851637644,0.4136554348898474,0.0028739247803806,132288562_2001045850.jpg,,132288562,2001045850,0.0,0.08849937468767166
1575,1050,1.65375,54.69833755493164,25.309450149536133,0.3227088671303074,2.051639137994143,2.670699823487063,2.249891757965088,1.4389665126800537,18.46506118774414,3.08489990234375,-3.08489990234375,22,-13.615669834954897,47.707016868448456,0.3028167951663741,0.0338865757686676,132288562_2001045858.jpg,"storta,sfocata",132288562,2001045858,2.761482987088359,0.03818528726696968
1050,1050,1.1025,54.236907958984375,28.97098731994629,0.0962257385253906,2.41546630859375,5.7267025073079525,3.160829544067383,4.7753825187683105,8.759292602539062,0.865386962890625,0.865386962890625,189,8.77668108347448,951.8626092184822,1.0986459076198063,0.0347242355346679,132302544_2001546104.jpg,"dominante,storta",132302544,2001546104,0.5086002687540715,0.08448990434408188
1365,768,1.04832,51.535099029541016,25.368940353393555,0.1056247287326389,2.514817979600694,5.050340662037094,2.450077772140503,4.416226863861084,13.834258079528809,1.40069580078125,-1.40069580078125,106,14.380099220118923,3239.197139628229,5.3014902102357295,0.0151740180121527,132302544_2001546106.jpg,"buia,dominante,storta,rumorosa",132302544,2001546106,2.6105326032331586,0.07214045524597168
1365,768,1.04832,51.31729507446289,21.876230239868164,0.1239352756076389,1.13067626953125,4.1957062491956325,3.5141525268554688,2.292309522628784,26.703704833984375,0.8115310668945312,-0.8115310668945312,161,15.918484491861216,2186.203966259678,2.503196221891306,0.0023956298828125,132302544_2001546108.jpg,"buia,dominante,storta,rumorosa",132302544,2001546108,0.160348580709844,0.05745118856430054
1050,1050,1.1025,53.12897491455078,25.06657600402832,0.164031982421875,2.6746749877929688,3.480931289870239,1.917343258857727,2.9052844047546387,14.599573135375977,3.02838134765625,-3.02838134765625,130,15.340701168028009,1071.003495841287,1.6927563750153714,0.0174760818481445,132302544_2001546110.jpg,storta,132302544,2001546110,1.5189208984375,0.07007309794425964
1154,865,0.99821,71.12122344970703,15.366559982299805,0.0774383544921875,0.0296274820963541,6.633338579251165,1.8433659076690672,6.372062683105469,10.052928924560549,0.176544189453125,-0.176544189453125,164,0.4004919897542349,1302.9861495885416,1.408115580915878,0.0070279439290364,132302544_2001546112.jpg,"dominante,bassa_risoluzione",132302544,2001546112,0.6583346448127914,0.07624103128910065
1154,865,0.99821,76.90839385986328,14.792776107788086,0.4639943440755208,0.0080108642578125,7.510681393004084,2.4207372665405273,7.109878063201904,9.870867729187012,0.43121337890625,-0.43121337890625,128,-11.620746039050374,460.3667677156562,0.3954794338229759,0.027807871500651,132302544_2001546114.jpg,"dominante,bassa_risoluzione",132302544,2001546114,0.8776703482510211,0.07800229638814926
1154,865,0.99821,75.25507354736328,10.74873161315918,0.0195821126302083,0.0109354654947916,8.55855875881494,2.5592222213745117,8.166964530944824,9.66826629638672,0.77227783203125,-0.77227783203125,86,-4.626381501414798,377.2341761144974,0.3028167951663704,0.0056622823079427,132302544_2001546120.jpg,"dominante,storta,bassa_risoluzione",132302544,2001546120,1.154491577724568,0.08875815570354462
1154,865,0.99821,72.3479995727539,16.04948616027832,0.1026153564453125,0.22125244140625,10.322386429104045,3.545961380004883,9.694215774536133,12.866703987121582,1.363494873046875,-1.363494873046875,79,-3.7801715236025055,1494.796083511759,0.6238095913996168,0.0076675415039062,132302544_2001546122.jpg,"dominante,storta,bassa_risoluzione",132302544,2001546122,1.9895931893072607,0.09550730884075165
1154,865,0.99821,74.20577239990234,16.983196258544922,0.0626881917317708,0.2938588460286458,10.158341373271314,3.991742610931397,9.341193199157717,14.393561363220217,0.2117691040039062,-0.2117691040039062,48,-1.1381993615365782,844.3501047749628,0.5989807122030536,0.005462646484375,132302544_2001546126.jpg,"dominante,bassa_risoluzione",132302544,2001546126,1.5395853433178286,0.08851593732833862
1154,865,0.99821,73.9387435913086,16.114761352539062,0.0910441080729166,0.104522705078125,11.389963864652406,3.8150794506073,10.73202896118164,16.216819763183594,0.081878662109375,-0.081878662109375,77,-1.1575294157370677,1121.7019415851423,0.6486384705961938,0.0056101481119791,132302544_2001546128.jpg,"dominante,bassa_risoluzione",132302544,2001546128,1.8474909661631016,0.0747281089425087
1154,769,0.887426,74.5060806274414,18.541276931762695,1.1758843475073313,0.116700650659824,7.247858118806793,1.7975749969482422,7.0214080810546875,14.072382926940918,0.0847930908203125,0.0847930908203125,63,-0.8965812370126973,205.791664241667,0.2779879159697916,0.0973040001832844,132346288_2002737878.jpg,"dominante,bassa_risoluzione",132346288,2002737878,0.8119645297016982,0.07215749472379684
1154,769,0.887426,75.24053955078125,20.50946617126465,5.950587655791789,0.0977994409824046,7.308653779040066,1.7848384380340576,7.087367057800293,13.6119966506958,0.51983642578125,-0.51983642578125,42,5.13907740357439,174.89362913433644,0.2779879159697866,0.1633193388013196,132346288_2002737934.jpg,"dominante,bassa_risoluzione",132346288,2002737934,0.8271634447600165,0.06718870997428894
1154,769,0.887426,58.50569152832031,27.683917999267575,4.647406524926686,1.3122021627565983,6.774520285567487,1.5305691957473757,6.5993547439575195,8.018946647644043,0.0193557739257812,-0.0193557739257812,119,-0.7130070723119363,275.5690951887048,0.4814891943498758,0.1794626901576246,132346288_2002737946.jpg,"dominante,bassa_risoluzione",132346288,2002737946,0.6936300713918717,0.06821117550134659
1154,769,0.887426,37.881404876708984,29.954055786132812,0.205049486803519,14.500378024193546,0.3766583412079486,0.2972086369991302,0.2313839495182037,9.910032272338867,2.2691421508789062,-2.2691421508789062,17,-42.61348888094677,695.541976488766,1.3899395798490022,0.0225396925403225,132346288_2002737950.jpg,"buia,storta,bassa_risoluzione",132346288,2002737950,2.424620946248372,0.056458648294210434
1154,769,0.887426,75.81198120117188,20.71193504333496,1.338835685483871,0.2438542430351906,7.19537023540299,1.7614232301712036,6.976441860198975,9.556779861450195,0.337860107421875,0.337860107421875,87,2.387623300892541,281.1264059677355,0.4318314359567392,0.2049062958211143,132346288_2002737960.jpg,"dominante,bassa_risoluzione",132346288,2002737960,0.7988425588507475,0.08355789631605148
1154,769,0.887426,79.25972747802734,19.19512176513672,4.753081469941349,0.0502600348240469,4.851081987862428,1.126319408416748,4.718516826629639,9.655598640441896,0.01715087890625,0.01715087890625,97,-2.4192665732574663,174.2353872854462,0.3094696732960645,0.2285113292705278,132346288_2002737968.jpg,"dominante,bassa_risoluzione",132346288,2002737968,0.212770496965607,0.08081527799367905
1154,769,0.887426,77.96846008300781,13.97140121459961,1.1665769336510263,0.0645791330645161,6.161284137971778,1.6991660594940186,5.922352313995361,7.372352600097656,0.4182586669921875,0.4182586669921875,91,-3.691959377024239,304.4068084274771,0.3888265556932904,0.1292527721774193,132346288_2002737978.jpg,"dominante,bassa_risoluzione",132346288,2002737978,0.5403210344929446,0.06824127584695816
1154,769,0.887426,75.38652038574219,18.043685913085938,2.0556497434017595,0.0244856579912023,4.506211498537308,0.8733604550361633,4.420767307281494,19.58538246154785,0.149658203125,-0.149658203125,87,0.410684881039624,182.746597132897,0.320992796233254,0.1352653615285923,132346288_2002737988.jpg,"dominante,bassa_risoluzione",132346288,2002737988,0.1265528746343269,0.0877101868391037
1154,769,0.887426,74.9030532836914,19.269134521484375,2.0560793163489737,0.2182230571847507,1.050427493890048,-0.9978622198104858,-0.3281294107437134,18.246267318725582,0.09619140625,0.09619140625,71,3.0735562328062778,212.35681453264448,0.2531590367732343,0.1466347255315249,132346288_2002737996.jpg,bassa_risoluzione,132346288,2002737996,0.0,0.07514931261539459
1154,769,0.887426,78.28888702392578,15.246000289916992,0.2279600439882698,0.0001431909824046,1.9872152321280747,0.5854020118713379,-1.8990336656570437,7.608117580413818,0.1203765869140625,0.1203765869140625,67,0.6536774922616299,222.69004592188048,0.4384843140864474,0.0628178839809384,132346288_2002738004.jpg,bassa_risoluzione,132346288,2002738004,0.0,0.08185546845197678
1573,1050,1.65165,65.25041961669922,21.47538185119629,0.0104223775584795,0.7082933570906433,3.07243760529364,1.4980014562606812,2.6825108528137207,8.9036226272583,0.46630859375,0.46630859375,51,-0.5855770353312914,124.06338804354644,0.135667518920044,0.0194627192982456,132346374_2002740410.jpg,,132346374,2002740410,0.0,0.10971856862306595
1573,1050,1.65165,59.962738037109375,23.033071517944336,0.0,0.9669967562134504,3.59444655492164,0.8107725977897644,3.5018129348754883,12.02403163909912,0.04449462890625,-0.04449462890625,67,0.3867785157169606,109.65681960862112,0.0926626386565998,1.713267543859649e-05,132346374_2002740428.jpg,sfocata,132346374,2002740428,0.1723863398563144,0.15364980697631836
1573,1050,1.65165,66.56344604492188,15.494678497314451,0.941154970760234,0.0168471308479532,5.235664610246743,1.6053413152694702,4.983479022979736,7.039125919342041,0.104522705078125,0.104522705078125,53,-1.0654592375234695,113.67116020702682,0.1174915178531728,0.0614263523391812,132346374_2002740442.jpg,"dominante,sfocata",132346374,2002740442,0.4143968157779054,0.09745420515537262
1573,1050,1.65165,70.95751953125,17.320741653442383,2.0493535270467835,0.009422971491228,5.480298083712834,1.8216482400894165,5.1686811447143555,8.287546157836914,0.0306777954101562,-0.0306777954101562,63,-1.2856404419884568,149.1656543859778,0.1604963981166249,0.0835432086074561,132346374_2002740454.jpg,dominante,132346374,2002740454,0.3700745209282086,0.09860262274742126
1573,1050,1.65165,54.68095397949219,23.23297691345215,6.541541027046784,1.7933628015350878,7.552580218826964,2.8487939834594727,6.994700908660889,9.92498016357422,0.035308837890625,0.035308837890625,97,-0.6103057846112199,240.27523707032208,0.3458216754298225,0.075459441246345,132346374_2002740470.jpg,"sovraesposta,dominante",132346374,2002740470,0.9422991574114196,0.10337115079164505
1573,1050,1.65165,65.94669342041016,19.723161697387695,0.0908031798245614,0.5251165021929824,9.245772949572336,3.785050392150879,8.435503005981445,10.010797500610352,0.076507568359375,-0.076507568359375,60,1.0892383945598283,150.30503869335553,0.3524745535595125,0.0459155701754386,132346374_2002740478.jpg,dominante,132346374,2002740478,1.311443237393084,0.1079099029302597
1573,1050,1.65165,67.24565124511719,22.54767608642578,0.6299113669590644,1.2772409539473684,6.502583493733259,2.4603726863861084,6.019149303436279,8.041632652282715,0.2253036499023437,0.2253036499023437,100,0.6612789731639936,175.21293678339256,0.4633131932829757,0.0255391081871345,132346374_2002740490.jpg,dominante,132346374,2002740490,0.6256458734333148,0.1258639097213745
1573,1050,1.65165,61.57162094116211,24.18429183959961,3.225940012792398,3.002215826023392,7.002670042753966,2.769606113433838,6.431692600250244,7.993329048156738,0.076690673828125,0.076690673828125,78,0.5608814231543734,150.87257796712265,0.3458216754298275,0.0361870659722222,132346374_2002740500.jpg,dominante,132346374,2002740500,0.7506675106884915,0.1367003321647644
1573,1050,1.65165,61.323509216308594,17.627527236938477,0.0185603983918128,0.232718841374269,9.276356407533664,4.08563232421875,8.328168869018555,13.250229835510254,0.028961181640625,0.028961181640625,49,-0.41992334003409,55.619104873707634,0.0430048802634542,0.0317682634320175,132346374_2002740510.jpg,"dominante,sfocata",132346374,2002740510,2.392104020654956,0.08843120187520981
1573,1050,1.65165,58.24869155883789,17.3922061920166,0.0,0.6469012701023392,11.232912510674192,4.536930084228516,10.275922775268556,14.525588989257812,0.09478759765625,-0.09478759765625,34,-0.3300336567083251,35.57936566962104,0.0678337594600269,0.0,132346374_2002740520.jpg,"dominante,sfocata",132346374,2002740520,3.2152386998415308,0.09310956299304962
1400,1050,1.47,56.024715423583984,24.69051170349121,0.0306447347005208,1.0498046875,5.287862917589863,-0.7645443081855774,5.232300281524658,16.33892822265625,2.7451019287109375,-2.7451019287109375,60,-11.869669575725297,228.96537546541688,0.2101541565097715,0.000738779703776,80631511_1936293886.jpg,"dominante,storta",80631511,1936293886,1.652033681871424,0.290687620639801
1400,1050,1.47,58.883270263671875,24.53788185119629,0.0005086263020833,0.5739847819010417,4.6963136263708325,1.1686770915985107,4.548577308654785,17.130666732788086,0.10052490234375,-0.10052490234375,50,-6.095663035150298,157.85259596564802,0.1853252773131999,5.9763590494791664e-05,80631511_1936294128.jpg,dominante,80631511,1936294128,0.1740784065927081,0.27949854731559753
1400,1050,1.47,55.92510986328125,20.20675277709961,0.0,0.0002543131510416,3.9594044934064,-2.8110902309417725,2.788306951522827,15.236353874206545,4.7623291015625,-4.7623291015625,84,-4.916407260636784,44.3808388745658,0.2283301575766598,2.7974446614583332e-05,80631511_1936296534.jpg,"storta,sfocata",80631511,1936296534,3.935205419798903,0.2601989805698395
787,1050,0.82635,32.170249938964844,19.16559410095215,3.3647796943631043,0.4847782073572474,5.321455178230476,-1.3113561868667605,5.157347202301025,13.468667030334473,1.46197509765625,1.46197509765625,59,-1.660592356749785,59.98260130725747,0.1604963981166276,0.0346465215501464,80631511_1936296698.jpg,"buia,dominante,storta,sfocata,bassa_risoluzione",80631511,1936296698,3.7882788439776767,0.3655674159526825
1400,1050,1.47,27.19695472717285,21.16931915283203,3.45458984375,5.5034637451171875,7.831736025388734,2.1225974559783936,7.538611888885498,9.94350242614746,0.3407135009765625,0.3407135009765625,47,-7.869740551269522,42.453227156305935,0.2101541565097754,0.0349871317545572,80631511_1936296872.jpg,"buia,dominante,sfocata",80631511,1936296872,4.730684747691466,0.3919931650161743
787,1050,0.82635,54.38236618041992,19.163206100463867,0.1331156204245973,1.3200036603221084,0.3479152355708407,0.0093263052403926,-0.3477902114391327,12.585296630859377,3.16082763671875,-3.16082763671875,51,-15.81073826086729,86.24834528687117,0.3906091890154574,0.001471277909956,90442689_1093248021.jpg,"storta,sfocata,bassa_risoluzione",90442689,1093248021,2.169746003031314,0.4046131670475006
787,1050,0.82635,50.459266662597656,21.22995948791504,0.0005004346632503,0.9100046897877012,2.111235971336561,1.32348895072937,1.6448994874954224,10.493006706237791,6.60198974609375,6.60198974609375,66,-18.961620668777808,136.33197333603428,0.370650554626393,9.293786603221084e-06,90442689_1093248029.jpg,"buia,storta,bassa_risoluzione",90442689,1093248029,4.055399831136068,0.48182690143585205
1400,1050,1.47,27.165285110473633,17.39835548400879,0.983301798502604,2.458445231119792,10.23976661721885,2.727565288543701,9.869812965393066,12.471997261047363,3.486358642578125,3.486358642578125,56,-7.038443775662866,125.49603652708174,0.5063180735464573,0.0097223917643229,90442689_1094988265.jpg,"buia,dominante,storta",90442689,1094988265,5.867652238309432,0.5340234041213989
1400,1050,1.47,41.61100769042969,21.40228843688965,3.028615315755208,0.4678090413411458,11.362390476831724,1.8040944337844849,11.21825122833252,17.918066024780273,0.574951171875,0.574951171875,134,-6.804836607037571,166.4802598770087,0.5311469527430386,0.0229632059733072,90442689_1094988277.jpg,"buia,dominante",90442689,1094988277,2.879496850164962,0.3223443925380707
1400,1050,1.47,52.74842834472656,20.6850528717041,0.7737477620442708,0.0410715738932291,11.09129341718969,1.4663958549499512,10.993928909301758,22.15928649902344,1.15216064453125,1.15216064453125,130,-2.0007977856833707,198.3356494448365,0.5493229538099114,0.0142300923665364,90442689_1094988291.jpg,"dominante,storta",90442689,1094988291,2.040930450651589,0.3084036111831665
1400,1050,1.47,32.7729377746582,22.388219833374023,2.0921071370442705,5.519358317057291,11.37375851943478,2.2951064109802246,11.139787673950195,14.758259773254396,0.30010986328125,0.30010986328125,58,-3.0545059738947593,127.3509231526146,0.4881420724795657,0.0184071858723958,90442689_1094988309.jpg,"buia,dominante",90442689,1094988309,3.766145852392875,0.2423454076051712
787,1050,0.82635,56.978416442871094,19.094511032104492,0.0069345946193265,0.1104530792459736,13.775276871999864,3.4630610942840576,13.332871437072754,16.318408966064453,4.6317138671875,-4.6317138671875,34,-7.614076617491049,80.69265577397685,0.302816795166367,3.7175146412884335e-05,90442689_1094988701.jpg,"dominante,storta,sfocata,bassa_risoluzione",90442689,1094988701,5.686750866558684,0.6528124213218689
640,801,0.51264,56.096378326416016,17.422496795654297,0.0547697689157566,0.1100727622854914,6.506052447976044,4.326319694519043,4.859184741973877,7.321146011352539,2.5550537109375,-2.5550537109375,41,-11.888593681697971,239.82006111718457,0.5741518330064875,0.0153393440425117,93493772_1140594390.jpg,"dominante,storta,bassa_risoluzione",93493772,1140594390,1.829882252619011,0.38858315348625183
853,640,0.54592,48.61520004272461,21.124711990356445,0.0484466552734375,1.8330891927083333,7.535440038517773,4.448588848114014,6.082180023193359,8.418964385986328,0.6875,0.6875,86,-44.44024893999876,861.9152007144099,0.5989807122030629,0.0011227925618489,93493772_1140594518.jpg,"buia,dominante,bassa_risoluzione",93493772,1140594518,1.2223400053569824,0.31715238094329834
640,853,0.54592,40.468955993652344,23.16716957092285,0.0422819368131868,2.23879635989011,9.993724738972992,4.215047836303711,9.061341285705566,25.461515426635746,5.953887939453125,5.953887939453125,40,-25.28777157297673,111.03936641576824,0.2598119149029203,0.0008485004578754,93493772_1140594556.jpg,"buia,dominante,storta,sfocata,bassa_risoluzione",93493772,1140594556,6.270138104750627,0.3693516254425049
640,853,0.54592,53.891849517822266,24.09443473815918,1.665593521062271,2.6726333562271063,9.33615588077362,2.117917060852051,9.09275722503662,24.448179244995117,0.84503173828125,-0.84503173828125,46,-8.731147893281785,156.49513498989148,0.4699660714126932,0.0172433035714285,93493772_1140594606.jpg,"dominante,storta,bassa_risoluzione",93493772,1140594606,1.3973934623809052,0.35050082206726074
853,640,0.54592,53.88523483276367,24.401063919067383,3.224817911783854,0.3369649251302083,8.27288150788492,0.7797785401344299,8.23604965209961,22.22539710998535,3.2755813598632812,-3.2755813598632812,164,-17.06052652146615,705.3531287297761,0.8091348687128385,0.0307566324869791,93493772_1140594624.jpg,"dominante,storta,bassa_risoluzione",93493772,1140594624,2.751941283546751,0.18993701040744781
853,640,0.54592,53.26777267456055,29.81538772583008,9.851710001627604,6.6359202067057295,4.595549264887138,1.4020370244979858,4.376455783843994,8.116194725036621,2.2871780395507812,-2.2871780395507812,50,-2.9237440798929675,980.342800704756,1.1132566420423131,0.1060778299967448,93493772_1140594892.jpg,"sovraesposta,dominante,storta,bassa_risoluzione",93493772,1140594892,1.5588436760850657,0.2061731070280075
853,640,0.54592,53.03458786010742,24.834623336791992,5.4355621337890625,1.1586507161458337,8.636144099623333,1.571323275566101,8.491991996765137,18.878971099853516,7.20709228515625,-7.20709228515625,134,-21.476176132977177,1521.2419142195963,1.6182697374256487,0.0580393473307291,93493772_1140594956.jpg,"dominante,storta,bassa_risoluzione",93493772,1140594956,5.46376421501,0.06352564692497253
640,853,0.54592,49.119873046875,24.990026473999023,0.0840630723443223,2.943996108058608,11.185240921914357,4.5157341957092285,10.233169555664062,22.398853302001953,0.09661865234375,0.09661865234375,127,-4.189083100279059,278.1791743313122,0.4203083130195422,0.0010559752747252,93493772_1140595312.jpg,"buia,dominante,bassa_risoluzione",93493772,1140595312,2.084322925791089,0.10574355721473694
768,432,0.331776,57.8760986328125,24.312097549438477,0.0942654079861111,1.10015869140625,2.5248598723827644,-0.6351771950721741,-2.4436585903167725,17.28211784362793,0.67083740234375,-0.67083740234375,107,14.718659599415638,594.4854674092982,0.6419855924665153,0.0067274305555555,93493772_1140595572.jpg,bassa_risoluzione,93493772,1140595572,0.0,0.16110311448574066
768,1024,0.786432,48.80482482910156,23.23003387451172,0.0202466804029304,3.444582760989011,8.119828215974662,1.439975619316101,7.991125106811523,15.29727554321289,2.53662109375,-2.53662109375,14,-24.846659200798303,137.07133982708405,0.3458216754298452,0.0003634386446886,93493772_1140595660.jpg,"buia,dominante,storta,bassa_risoluzione",93493772,1140595660,2.540555300250176,0.2734931707382202
1575,1050,1.65375,61.92586517333984,24.39906120300293,0.0431803623718887,1.584948069180088,1.4412345387307146,1.3769679069519043,0.425577700138092,16.797134399414062,0.329010009765625,-0.329010009765625,21,0.2992188452512061,995.925348017577,1.5734822238400046,0.0028296005673499,95480438_1172094726.jpg,,95480438,1172094726,0.0,0.05683467537164688
1575,1050,1.65375,61.69804000854492,27.62616920471191,0.0295971357979502,4.4128328605417275,1.3175557848988535,-1.0597023963928225,-0.7829329967498779,12.4287691116333,0.35406494140625,-0.35406494140625,44,1.9802464112780649,777.1742632865993,1.0704905893583996,0.005090135431918,95480438_1172094746.jpg,,95480438,1172094746,0.0,0.08928213268518448
1575,1050,1.65375,65.05198669433594,25.678237915039062,4.531936310395315,1.0068745424597365,4.741374527207823,3.170408248901367,3.525499105453491,18.255041122436523,0.4110107421875,-0.4110107421875,28,8.452807869088275,1262.0552658099994,1.9144336544623504,0.1013780540812591,95480438_1172094770.jpg,dominante,95480438,1172094770,0.1853436318019556,0.0735388696193695
1575,1050,1.65375,64.14905548095703,21.4405517578125,7.0139492587847725,0.2286271504392386,6.791027738001709,4.447272300720215,5.1322340965271,12.761762619018556,0.4324951171875,0.4324951171875,4,0.0,460.176391461317,1.0441179044191755,0.0906215684480234,95480438_1172094794.jpg,"sovraesposta,dominante",95480438,1172094794,0.7991518603789045,0.08603353798389435
1575,1050,1.65375,61.00586700439453,22.982254028320312,1.70533835102489,0.62697314238653,4.852272839727675,1.6183466911315918,4.5744404792785645,16.23041534423828,0.1510009765625,-0.1510009765625,12,2.0719137918040915,721.4552510593853,1.080469906552932,0.0245699121522694,95480438_1172094860.jpg,dominante,95480438,1172094860,0.2130682099319187,0.056446824222803116
1575,1050,1.65375,60.27519989013672,28.91392517089844,6.838797126647145,1.7240689055636895,8.89504815395318,1.329312086105347,8.795158386230469,26.77240753173828,0.1104888916015625,0.1104888916015625,47,2.764376797770021,1336.7900161733658,1.8962576533954656,0.1075877333455344,95480438_1172094932.jpg,"sovraesposta,dominante",95480438,1172094932,1.3076417511530094,0.058317676186561584
1575,1050,1.65375,48.41518783569336,23.154888153076172,0.0915080527086383,4.237394765739385,8.136290243457223,3.2605841159820557,7.454381942749023,28.826107025146484,0.10540771484375,-0.10540771484375,21,1.7446458439207475,493.5357223303394,0.8587926271059851,0.0009908606332357,95480438_1172094960.jpg,"buia,dominante",95480438,1172094960,1.39255377729497,0.08011457324028015
1575,1050,1.65375,58.80413818359375,17.501399993896484,0.2362051610541727,1.2801118685944362,11.15283852871259,3.227588891983032,10.675601959228516,23.24675750732422,0.32318115234375,-0.32318115234375,66,-0.3703045663050157,190.6152456937803,0.3706505546264021,0.0055004918557833,95480438_1172094978.jpg,dominante,95480438,1172094978,1.788209632178147,0.05769513547420502
1575,1050,1.65375,66.19561767578125,18.80206298828125,0.1065210926061493,1.012450814421669,8.233428660614825,2.448730707168579,7.860856533050537,24.86309814453125,0.144989013671875,0.144989013671875,78,-0.9337682886050922,281.25357162002996,0.5087531959502118,0.0040949853587115,95480438_1172094996.jpg,dominante,95480438,1172094996,1.0583571651537065,0.08181460946798325
1575,1050,1.65375,70.29293823242188,18.98742294311523,1.2014721357979503,0.5662060761346999,11.516141498717746,1.2990624904632568,11.44263744354248,27.08857154846191,0.543731689453125,-0.543731689453125,89,-1.8227914258461528,278.7417111819861,0.6486384705962138,0.0333203696925329,95480438_1172095008.jpg,dominante,95480438,1172095008,1.8790353746794364,0.061101362109184265
